-- phpMyAdmin SQL Dump
-- version 4.2.5
-- http://www.phpmyadmin.net
--
-- Servidor: 127.0.0.1
-- Tiempo de generación: 29-06-2014 a las 23:17:12
-- Versión del servidor: 5.6.16
-- Versión de PHP: 5.5.11

SET SQL_MODE = "NO_AUTO_VALUE_ON_ZERO";
SET time_zone = "+00:00";

--
-- Base de datos: aerolinea
--


--
-- Volcado de datos para la tabla 'avion'
--

INSERT INTO avion (codigo, marca, modelo, total_pasajes, asientos_economy, filas_economy, columnas_economy, asientos_primera, filas_primera, columnas_primera) VALUES(1, 'Embraer', 'EMB-120', 30, 30, 10, 3, 0, 0, 0);
INSERT INTO avion (codigo, marca, modelo, total_pasajes, asientos_economy, filas_economy, columnas_economy, asientos_primera, filas_primera, columnas_primera) VALUES(2, 'Embraer', 'ER-145', 80, 70, 14, 5, 10, 5, 2);
INSERT INTO avion (codigo, marca, modelo, total_pasajes, asientos_economy, filas_economy, columnas_economy, asientos_primera, filas_primera, columnas_primera) VALUES(3, 'Embraer', 'ER-145', 125, 105, 21, 5, 20, 10, 2);
INSERT INTO avion (codigo, marca, modelo, total_pasajes, asientos_economy, filas_economy, columnas_economy, asientos_primera, filas_primera, columnas_primera) VALUES(4, 'Embraer', 'ER-170', 150, 120, 30, 4, 30, 10, 3);

--
-- Volcado de datos para la tabla provincia
--

INSERT INTO provincia (codigo, descripcion) VALUES(1, 'Buenos Aires');
INSERT INTO provincia (codigo, descripcion) VALUES(2, 'CABA');
INSERT INTO provincia (codigo, descripcion) VALUES(3, 'Catamarca');
INSERT INTO provincia (codigo, descripcion) VALUES(4, 'Chaco');
INSERT INTO provincia (codigo, descripcion) VALUES(5, 'Chubut');
INSERT INTO provincia (codigo, descripcion) VALUES(6, 'Córdoba');
INSERT INTO provincia (codigo, descripcion) VALUES(7, 'Corrientes');
INSERT INTO provincia (codigo, descripcion) VALUES(8, 'Entre Ríos');
INSERT INTO provincia (codigo, descripcion) VALUES(9, 'Formosa');
INSERT INTO provincia (codigo, descripcion) VALUES(10, 'Jujuy');
INSERT INTO provincia (codigo, descripcion) VALUES(11, 'La Pampa');
INSERT INTO provincia (codigo, descripcion) VALUES(12, 'La Rioja');
INSERT INTO provincia (codigo, descripcion) VALUES(13, 'Mendoza');
INSERT INTO provincia (codigo, descripcion) VALUES(14, 'Misiones');
INSERT INTO provincia (codigo, descripcion) VALUES(15, 'Neuquén');
INSERT INTO provincia (codigo, descripcion) VALUES(16, 'Río Negro');
INSERT INTO provincia (codigo, descripcion) VALUES(17, 'Salta');
INSERT INTO provincia (codigo, descripcion) VALUES(18, 'San Juan');
INSERT INTO provincia (codigo, descripcion) VALUES(19, 'San Luis');
INSERT INTO provincia (codigo, descripcion) VALUES(20, 'Santa Cruz');
INSERT INTO provincia (codigo, descripcion) VALUES(21, 'Santa Fe');
INSERT INTO provincia (codigo, descripcion) VALUES(22, 'Santiago del Estero');
INSERT INTO provincia (codigo, descripcion) VALUES(23, 'Tierra del Fuego');
INSERT INTO provincia (codigo, descripcion) VALUES(24, 'Tucumán');

--
-- Volcado de datos para la tabla ciudad
--

INSERT INTO ciudad (cod_prov, codigo, descripcion) VALUES(1, 2, 'Azul');
INSERT INTO ciudad (cod_prov, codigo, descripcion) VALUES(1, 3, 'Bahía Blanca');
INSERT INTO ciudad (cod_prov, codigo, descripcion) VALUES(1, 5, 'Bolívar');
INSERT INTO ciudad (cod_prov, codigo, descripcion) VALUES(1, 7, 'Campo de Mayo');
INSERT INTO ciudad (cod_prov, codigo, descripcion) VALUES(1, 17, 'Coronel Suárez');
INSERT INTO ciudad (cod_prov, codigo, descripcion) VALUES(1, 21, 'Dolores');
INSERT INTO ciudad (cod_prov, codigo, descripcion) VALUES(1, 22, 'Don Torcuato');
INSERT INTO ciudad (cod_prov, codigo, descripcion) VALUES(1, 25, 'El Palomar');
INSERT INTO ciudad (cod_prov, codigo, descripcion) VALUES(1, 27, 'Ezeiza');
INSERT INTO ciudad (cod_prov, codigo, descripcion) VALUES(1, 33, 'Isla Martín García');
INSERT INTO ciudad (cod_prov, codigo, descripcion) VALUES(1, 34, 'José C. Paz');
INSERT INTO ciudad (cod_prov, codigo, descripcion) VALUES(1, 35, 'Junín');
INSERT INTO ciudad (cod_prov, codigo, descripcion) VALUES(1, 38, 'La Plata');
INSERT INTO ciudad (cod_prov, codigo, descripcion) VALUES(1, 43, 'Mar del Plata');
INSERT INTO ciudad (cod_prov, codigo, descripcion) VALUES(1, 46, 'Miramar');
INSERT INTO ciudad (cod_prov, codigo, descripcion) VALUES(1, 48, 'Morón');
INSERT INTO ciudad (cod_prov, codigo, descripcion) VALUES(1, 49, 'Necochea');
INSERT INTO ciudad (cod_prov, codigo, descripcion) VALUES(1, 51, 'Olavarría');
INSERT INTO ciudad (cod_prov, codigo, descripcion) VALUES(1, 54, 'Pehuajó');
INSERT INTO ciudad (cod_prov, codigo, descripcion) VALUES(1, 72, 'San Fernando');
INSERT INTO ciudad (cod_prov, codigo, descripcion) VALUES(1, 78, 'San Justo');
INSERT INTO ciudad (cod_prov, codigo, descripcion) VALUES(1, 81, 'Santa Teresita');
INSERT INTO ciudad (cod_prov, codigo, descripcion) VALUES(1, 86, 'Tandil');
INSERT INTO ciudad (cod_prov, codigo, descripcion) VALUES(1, 90, 'Tres Arroyos');
INSERT INTO ciudad (cod_prov, codigo, descripcion) VALUES(1, 94, 'Villa Gesell');
INSERT INTO ciudad (cod_prov, codigo, descripcion) VALUES(2, 6, 'Buenos Aires');
INSERT INTO ciudad (cod_prov, codigo, descripcion) VALUES(3, 73, 'San Fernando del Valle de Catamarca');
INSERT INTO ciudad (cod_prov, codigo, descripcion) VALUES(4, 63, 'Presidencia Roque Saenz Peña');
INSERT INTO ciudad (cod_prov, codigo, descripcion) VALUES(4, 65, 'Resistencia');
INSERT INTO ciudad (cod_prov, codigo, descripcion) VALUES(5, 1, 'Alto Río Senguer');
INSERT INTO ciudad (cod_prov, codigo, descripcion) VALUES(5, 14, 'Comodoro Rivadavia');
INSERT INTO ciudad (cod_prov, codigo, descripcion) VALUES(5, 26, 'Esquel');
INSERT INTO ciudad (cod_prov, codigo, descripcion) VALUES(5, 60, 'Puerto Madryn');
INSERT INTO ciudad (cod_prov, codigo, descripcion) VALUES(5, 89, 'Trelew');
INSERT INTO ciudad (cod_prov, codigo, descripcion) VALUES(6, 15, 'Córdoba');
INSERT INTO ciudad (cod_prov, codigo, descripcion) VALUES(6, 36, 'Laboulaye');
INSERT INTO ciudad (cod_prov, codigo, descripcion) VALUES(6, 37, 'La Cumbre');
INSERT INTO ciudad (cod_prov, codigo, descripcion) VALUES(6, 66, 'Río Cuarto');
INSERT INTO ciudad (cod_prov, codigo, descripcion) VALUES(6, 93, 'Villa Dolores');
INSERT INTO ciudad (cod_prov, codigo, descripcion) VALUES(7, 18, 'Corrientes');
INSERT INTO ciudad (cod_prov, codigo, descripcion) VALUES(7, 19, 'Curuzú Cuatiá');
INSERT INTO ciudad (cod_prov, codigo, descripcion) VALUES(7, 47, 'Monte Caseros');
INSERT INTO ciudad (cod_prov, codigo, descripcion) VALUES(7, 53, 'Paso de los Libres');
INSERT INTO ciudad (cod_prov, codigo, descripcion) VALUES(8, 16, 'Concordia');
INSERT INTO ciudad (cod_prov, codigo, descripcion) VALUES(8, 52, 'Paraná');
INSERT INTO ciudad (cod_prov, codigo, descripcion) VALUES(8, 96, 'Villaguay');
INSERT INTO ciudad (cod_prov, codigo, descripcion) VALUES(9, 13, 'Clorinda');
INSERT INTO ciudad (cod_prov, codigo, descripcion) VALUES(9, 28, 'Formosa');
INSERT INTO ciudad (cod_prov, codigo, descripcion) VALUES(9, 41, 'Las Lomitas');
INSERT INTO ciudad (cod_prov, codigo, descripcion) VALUES(10, 55, 'Perico');
INSERT INTO ciudad (cod_prov, codigo, descripcion) VALUES(11, 30, 'General Pico');
INSERT INTO ciudad (cod_prov, codigo, descripcion) VALUES(11, 80, 'Santa Rosa');
INSERT INTO ciudad (cod_prov, codigo, descripcion) VALUES(12, 10, 'Chamical');
INSERT INTO ciudad (cod_prov, codigo, descripcion) VALUES(12, 11, 'Chepes');
INSERT INTO ciudad (cod_prov, codigo, descripcion) VALUES(12, 12, 'Chilecito');
INSERT INTO ciudad (cod_prov, codigo, descripcion) VALUES(12, 39, 'La Rioja');
INSERT INTO ciudad (cod_prov, codigo, descripcion) VALUES(13, 29, 'General Alvear');
INSERT INTO ciudad (cod_prov, codigo, descripcion) VALUES(13, 42, 'Malargüe');
INSERT INTO ciudad (cod_prov, codigo, descripcion) VALUES(13, 44, 'Mendoza');
INSERT INTO ciudad (cod_prov, codigo, descripcion) VALUES(13, 76, 'San Rafael');
INSERT INTO ciudad (cod_prov, codigo, descripcion) VALUES(14, 57, 'Posadas');
INSERT INTO ciudad (cod_prov, codigo, descripcion) VALUES(14, 59, 'Puerto Iguazú');
INSERT INTO ciudad (cod_prov, codigo, descripcion) VALUES(15, 8, 'Caviahue');
INSERT INTO ciudad (cod_prov, codigo, descripcion) VALUES(15, 20, 'Cutral-Co');
INSERT INTO ciudad (cod_prov, codigo, descripcion) VALUES(15, 50, 'Neuquén');
INSERT INTO ciudad (cod_prov, codigo, descripcion) VALUES(15, 83, 'San Martín de los Andes');
INSERT INTO ciudad (cod_prov, codigo, descripcion) VALUES(15, 97, 'Zapala');
INSERT INTO ciudad (cod_prov, codigo, descripcion) VALUES(16, 4, 'Bariloche');
INSERT INTO ciudad (cod_prov, codigo, descripcion) VALUES(16, 23, 'El Bolsón');
INSERT INTO ciudad (cod_prov, codigo, descripcion) VALUES(16, 31, 'General Roca');
INSERT INTO ciudad (cod_prov, codigo, descripcion) VALUES(16, 32, 'Ingeniero Jacobacci');
INSERT INTO ciudad (cod_prov, codigo, descripcion) VALUES(16, 92, 'Viedma');
INSERT INTO ciudad (cod_prov, codigo, descripcion) VALUES(17, 71, 'Salta');
INSERT INTO ciudad (cod_prov, codigo, descripcion) VALUES(17, 77, 'San Ramón de la Nueva Orán');
INSERT INTO ciudad (cod_prov, codigo, descripcion) VALUES(17, 87, 'Tartagal');
INSERT INTO ciudad (cod_prov, codigo, descripcion) VALUES(18, 74, 'San Juan');
INSERT INTO ciudad (cod_prov, codigo, descripcion) VALUES(19, 45, 'Merlo');
INSERT INTO ciudad (cod_prov, codigo, descripcion) VALUES(19, 75, 'San Luis');
INSERT INTO ciudad (cod_prov, codigo, descripcion) VALUES(19, 95, 'Villa Reynolds');
INSERT INTO ciudad (cod_prov, codigo, descripcion) VALUES(20, 24, 'El Calafate');
INSERT INTO ciudad (cod_prov, codigo, descripcion) VALUES(20, 40, 'Las Heras');
INSERT INTO ciudad (cod_prov, codigo, descripcion) VALUES(20, 56, 'Perito Moreno');
INSERT INTO ciudad (cod_prov, codigo, descripcion) VALUES(20, 58, 'Puerto Deseado');
INSERT INTO ciudad (cod_prov, codigo, descripcion) VALUES(20, 61, 'Puerto San Julián');
INSERT INTO ciudad (cod_prov, codigo, descripcion) VALUES(20, 62, 'Puerto Santa Cruz');
INSERT INTO ciudad (cod_prov, codigo, descripcion) VALUES(20, 67, 'Río Gallegos');
INSERT INTO ciudad (cod_prov, codigo, descripcion) VALUES(20, 69, 'Río Turbio');
INSERT INTO ciudad (cod_prov, codigo, descripcion) VALUES(21, 9, 'Ceres');
INSERT INTO ciudad (cod_prov, codigo, descripcion) VALUES(21, 64, 'Reconquista');
INSERT INTO ciudad (cod_prov, codigo, descripcion) VALUES(21, 70, 'Rosario');
INSERT INTO ciudad (cod_prov, codigo, descripcion) VALUES(21, 84, 'Sauce Viejo');
INSERT INTO ciudad (cod_prov, codigo, descripcion) VALUES(21, 85, 'Sunchales');
INSERT INTO ciudad (cod_prov, codigo, descripcion) VALUES(22, 82, 'Santiago del Estero');
INSERT INTO ciudad (cod_prov, codigo, descripcion) VALUES(22, 88, 'Termas de Río Hondo');
INSERT INTO ciudad (cod_prov, codigo, descripcion) VALUES(23, 68, 'Río Grande');
INSERT INTO ciudad (cod_prov, codigo, descripcion) VALUES(23, 91, 'Ushuaia');
INSERT INTO ciudad (cod_prov, codigo, descripcion) VALUES(24, 79, 'San Miguel de Tucumán');

--
-- Volcado de datos para la tabla aeropuerto
--

INSERT INTO aeropuerto (codigo_OACI, ciudad, provincia, nombre_aerop) VALUES ('SAVR', 1, 5, 'Aeropuerto Alto Río Senguer');
INSERT INTO aeropuerto (codigo_OACI, ciudad, provincia, nombre_aerop) VALUES ('SAZA', 2, 1, 'Aeropuerto de Azul');
INSERT INTO aeropuerto (codigo_OACI, ciudad, provincia, nombre_aerop) VALUES ('SAZB', 3, 1, 'Aeropuerto Comandante Espora');
INSERT INTO aeropuerto (codigo_OACI, ciudad, provincia, nombre_aerop) VALUES ('SAZS', 4, 16, 'Aeropuerto Internacional Teniente Luis Candelaria');
INSERT INTO aeropuerto (codigo_OACI, ciudad, provincia, nombre_aerop) VALUES ('SAZI', 5, 1, 'Aeropuerto de Bolívar');
INSERT INTO aeropuerto (codigo_OACI, ciudad, provincia, nombre_aerop) VALUES ('SABE', 6, 2, 'Aeroparque Jorge Newbery');
INSERT INTO aeropuerto (codigo_OACI, ciudad, provincia, nombre_aerop) VALUES ('SADO', 7, 1, 'Aeródromo de Campo de Mayo');
INSERT INTO aeropuerto (codigo_OACI, ciudad, provincia, nombre_aerop) VALUES ('SAHE', 8, 15, 'Aeropuerto de Caviahue');
INSERT INTO aeropuerto (codigo_OACI, ciudad, provincia, nombre_aerop) VALUES ('SANW', 9, 21, 'Aeropuerto Ceres');
INSERT INTO aeropuerto (codigo_OACI, ciudad, provincia, nombre_aerop) VALUES ('SACT', 10, 12, 'Aeropuerto Gobernador Gordillo');
INSERT INTO aeropuerto (codigo_OACI, ciudad, provincia, nombre_aerop) VALUES ('SACP', 11, 12, 'Aeropuerto Chepes');
INSERT INTO aeropuerto (codigo_OACI, ciudad, provincia, nombre_aerop) VALUES ('SANO', 12, 12, 'Aeropuerto Chilecito');
INSERT INTO aeropuerto (codigo_OACI, ciudad, provincia, nombre_aerop) VALUES ('SATC', 13, 9, 'Aeropuerto Clorinda');
INSERT INTO aeropuerto (codigo_OACI, ciudad, provincia, nombre_aerop) VALUES ('SAVC', 14, 5, 'Aeropuerto Internacional General Enrique Mosconi');
INSERT INTO aeropuerto (codigo_OACI, ciudad, provincia, nombre_aerop) VALUES ('SACO', 15, 6, 'Aeropuerto Internacional Ingeniero Ambrosio Taravella');
INSERT INTO aeropuerto (codigo_OACI, ciudad, provincia, nombre_aerop) VALUES ('SAAC', 16, 8, 'Aeropuerto Comodoro Pierrestegui');
INSERT INTO aeropuerto (codigo_OACI, ciudad, provincia, nombre_aerop) VALUES ('SAZC', 17, 1, 'Aeropuerto Brigadier Hector Eduardo Ruiz');
INSERT INTO aeropuerto (codigo_OACI, ciudad, provincia, nombre_aerop) VALUES ('SARC', 18, 7, 'Aeropuerto Internacional Doctor Fernando Piragine Niveyro');
INSERT INTO aeropuerto (codigo_OACI, ciudad, provincia, nombre_aerop) VALUES ('SATU', 19, 7, 'Aeropuerto de Curuzú Cuatiá');
INSERT INTO aeropuerto (codigo_OACI, ciudad, provincia, nombre_aerop) VALUES ('SAZW', 20, 15, 'Aeropuerto de Cutral-Co');
INSERT INTO aeropuerto (codigo_OACI, ciudad, provincia, nombre_aerop) VALUES ('SAZD', 21, 1, 'Aeródromo de Dolores');
INSERT INTO aeropuerto (codigo_OACI, ciudad, provincia, nombre_aerop) VALUES ('SADD', 22, 1, 'Aeródromo de Don Torcuato (Cerrado)');
INSERT INTO aeropuerto (codigo_OACI, ciudad, provincia, nombre_aerop) VALUES ('SAVB', 23, 16, 'Aeropuerto de El Bolson');
INSERT INTO aeropuerto (codigo_OACI, ciudad, provincia, nombre_aerop) VALUES ('SAWC', 24, 20, 'Aeropuerto Comandante Armando Tola');
INSERT INTO aeropuerto (codigo_OACI, ciudad, provincia, nombre_aerop) VALUES ('SAWA', 24, 20, 'Aeropuerto de Lago Argentino (Cerrado)');
INSERT INTO aeropuerto (codigo_OACI, ciudad, provincia, nombre_aerop) VALUES ('SADP', 25, 1, 'Aeropuerto El Palomar');
INSERT INTO aeropuerto (codigo_OACI, ciudad, provincia, nombre_aerop) VALUES ('SAVE', 26, 5, 'Aeropuerto Brigadier General Antonio Parodi');
INSERT INTO aeropuerto (codigo_OACI, ciudad, provincia, nombre_aerop) VALUES ('SAEZ', 27, 1, 'Aeropuerto Internacional Ministro Pistarini');
INSERT INTO aeropuerto (codigo_OACI, ciudad, provincia, nombre_aerop) VALUES ('SARF', 28, 9, 'Aeropuerto Internacional de Formosa');
INSERT INTO aeropuerto (codigo_OACI, ciudad, provincia, nombre_aerop) VALUES ('SAMA', 29, 13, 'Aeropuerto de General Alvear');
INSERT INTO aeropuerto (codigo_OACI, ciudad, provincia, nombre_aerop) VALUES ('SAZG', 30, 11, 'Aeropuerto de General Pico');
INSERT INTO aeropuerto (codigo_OACI, ciudad, provincia, nombre_aerop) VALUES ('SAHR', 31, 16, 'Aeropuerto de General Roca');
INSERT INTO aeropuerto (codigo_OACI, ciudad, provincia, nombre_aerop) VALUES ('SAVJ', 32, 16, 'Aeropuerto de Ingeniero Jacobacci');
INSERT INTO aeropuerto (codigo_OACI, ciudad, provincia, nombre_aerop) VALUES ('SAAK', 33, 1, 'Aeropuerto Isla Martín García');
INSERT INTO aeropuerto (codigo_OACI, ciudad, provincia, nombre_aerop) VALUES ('SADJ', 34, 1, 'Aeropuerto Mariano Moreno');
INSERT INTO aeropuerto (codigo_OACI, ciudad, provincia, nombre_aerop) VALUES ('SAAJ', 35, 1, 'Aeropuerto de Junín');
INSERT INTO aeropuerto (codigo_OACI, ciudad, provincia, nombre_aerop) VALUES ('SAOL', 36, 6, 'Aeródromo de Laboulaye');
INSERT INTO aeropuerto (codigo_OACI, ciudad, provincia, nombre_aerop) VALUES ('SACC', 37, 6, 'Aeropuerto La Cumbre');
INSERT INTO aeropuerto (codigo_OACI, ciudad, provincia, nombre_aerop) VALUES ('SADL', 38, 1, 'Aeropuerto de La Plata');
INSERT INTO aeropuerto (codigo_OACI, ciudad, provincia, nombre_aerop) VALUES ('SANL', 39, 12, 'Aeropuerto Capitán Vicente Almandos Amonacide');
INSERT INTO aeropuerto (codigo_OACI, ciudad, provincia, nombre_aerop) VALUES ('SAVH', 40, 20, 'Aeropuerto Las Heras');
INSERT INTO aeropuerto (codigo_OACI, ciudad, provincia, nombre_aerop) VALUES ('SATK', 41, 9, 'Aeródromo Alferez Armando Rodríguez');
INSERT INTO aeropuerto (codigo_OACI, ciudad, provincia, nombre_aerop) VALUES ('SAMM', 42, 13, 'Aeropuerto Internacional Comodoro Ricardo Salomón');
INSERT INTO aeropuerto (codigo_OACI, ciudad, provincia, nombre_aerop) VALUES ('SAZM', 43, 1, 'Aeropuerto Internacional Astor Piazolla');
INSERT INTO aeropuerto (codigo_OACI, ciudad, provincia, nombre_aerop) VALUES ('SAME', 44, 13, 'Aeropuerto Internacional El Plumerillo');
INSERT INTO aeropuerto (codigo_OACI, ciudad, provincia, nombre_aerop) VALUES ('SAOS', 45, 19, 'Aeropuerto Internacional Valle del Conlara');
INSERT INTO aeropuerto (codigo_OACI, ciudad, provincia, nombre_aerop) VALUES ('SAEM', 46, 1, 'Aeródromo Juan Domingo Perón');
INSERT INTO aeropuerto (codigo_OACI, ciudad, provincia, nombre_aerop) VALUES ('SARM', 47, 7, 'Aeropuerto de Monte Caseros');
INSERT INTO aeropuerto (codigo_OACI, ciudad, provincia, nombre_aerop) VALUES ('SADM', 48, 1, 'Aeropuerto de Morón');
INSERT INTO aeropuerto (codigo_OACI, ciudad, provincia, nombre_aerop) VALUES ('SAZO', 49, 1, 'Aeropuerto Edgardo Hugo Yelpo');
INSERT INTO aeropuerto (codigo_OACI, ciudad, provincia, nombre_aerop) VALUES ('SAZN', 50, 15, 'Aeropuerto Internacional Presidente Perón');
INSERT INTO aeropuerto (codigo_OACI, ciudad, provincia, nombre_aerop) VALUES ('SAZF', 51, 1, 'Aeropuerto de Olavarría');
INSERT INTO aeropuerto (codigo_OACI, ciudad, provincia, nombre_aerop) VALUES ('SAAP', 52, 8, 'Aeropuerto General Justo José de Urquiza');
INSERT INTO aeropuerto (codigo_OACI, ciudad, provincia, nombre_aerop) VALUES ('SARL', 53, 7, 'Aeropuerto Internacional de Paso de los Libres');
INSERT INTO aeropuerto (codigo_OACI, ciudad, provincia, nombre_aerop) VALUES ('SAZP', 54, 1, 'Aeropuerto Comodoro P. Zanni');
INSERT INTO aeropuerto (codigo_OACI, ciudad, provincia, nombre_aerop) VALUES ('SASJ', 55, 10, 'Aeropuerto Internacional Gobernador Horacio Guzmán');
INSERT INTO aeropuerto (codigo_OACI, ciudad, provincia, nombre_aerop) VALUES ('SAWP', 56, 20, 'Aeropuerto Perito Moreno');
INSERT INTO aeropuerto (codigo_OACI, ciudad, provincia, nombre_aerop) VALUES ('SARP', 57, 14, 'Aeropuerto Internacional Libertador General José de San Martín');
INSERT INTO aeropuerto (codigo_OACI, ciudad, provincia, nombre_aerop) VALUES ('SAWD', 58, 20, 'Aeropuerto Puerto Deseado');
INSERT INTO aeropuerto (codigo_OACI, ciudad, provincia, nombre_aerop) VALUES ('SARI', 59, 14, 'Aeropuerto Internacional de Puerto Iguazú');
INSERT INTO aeropuerto (codigo_OACI, ciudad, provincia, nombre_aerop) VALUES ('SAVY', 60, 5, 'Aeropuerto El Tehuelche');
INSERT INTO aeropuerto (codigo_OACI, ciudad, provincia, nombre_aerop) VALUES ('SAWJ', 61, 20, 'Aeropuerto Capitán José Daniel Vázquez');
INSERT INTO aeropuerto (codigo_OACI, ciudad, provincia, nombre_aerop) VALUES ('SAWU', 62, 20, 'Aeropuerto de Puerto Santa Cruz');
INSERT INTO aeropuerto (codigo_OACI, ciudad, provincia, nombre_aerop) VALUES ('SARS', 63, 4, 'Aeropuerto de Presidencia Roque Sáenz Peña');
INSERT INTO aeropuerto (codigo_OACI, ciudad, provincia, nombre_aerop) VALUES ('SATR', 64, 21, 'Aeropuerto Daniel Jurkic');
INSERT INTO aeropuerto (codigo_OACI, ciudad, provincia, nombre_aerop) VALUES ('SARE', 65, 4, 'Aeropuerto Internacional de Resistencia');
INSERT INTO aeropuerto (codigo_OACI, ciudad, provincia, nombre_aerop) VALUES ('SAOC', 66, 6, 'Aeropuerto de Río Cuarto');
INSERT INTO aeropuerto (codigo_OACI, ciudad, provincia, nombre_aerop) VALUES ('SAWG', 67, 20, 'Aeropuerto Internacional Piloto Civil Norberto Fernández');
INSERT INTO aeropuerto (codigo_OACI, ciudad, provincia, nombre_aerop) VALUES ('SAWE', 68, 23, 'Aeropuerto Internacional Gob. Ramón Trejo Noel');
INSERT INTO aeropuerto (codigo_OACI, ciudad, provincia, nombre_aerop) VALUES ('SAWT', 69, 20, 'Aeropuerto Río Turbio');
INSERT INTO aeropuerto (codigo_OACI, ciudad, provincia, nombre_aerop) VALUES ('SAAR', 70, 21, 'Aeropuerto Internacional Rosario Islas Malvinas');
INSERT INTO aeropuerto (codigo_OACI, ciudad, provincia, nombre_aerop) VALUES ('SASA', 71, 17, 'Aeropuerto Internacional Martín Miguel de Güemes');
INSERT INTO aeropuerto (codigo_OACI, ciudad, provincia, nombre_aerop) VALUES ('SADF', 72, 1, 'Aeropuerto Internacional de San Fernando');
INSERT INTO aeropuerto (codigo_OACI, ciudad, provincia, nombre_aerop) VALUES ('SANC', 73, 3, 'Aeropuerto Coronel Felipe Varela');
INSERT INTO aeropuerto (codigo_OACI, ciudad, provincia, nombre_aerop) VALUES ('SANU', 74, 18, 'Aeropuerto Domingo Faustino Sarmiento');
INSERT INTO aeropuerto (codigo_OACI, ciudad, provincia, nombre_aerop) VALUES ('SAOU', 75, 19, 'Aeropuerto Brigadier Mayor Cesar Raúl Ojeda');
INSERT INTO aeropuerto (codigo_OACI, ciudad, provincia, nombre_aerop) VALUES ('SAMR', 76, 13, 'Aeropuerto Internacional Suboficial Ayudante Santiago Germano');
INSERT INTO aeropuerto (codigo_OACI, ciudad, provincia, nombre_aerop) VALUES ('SASO', 77, 17, 'Aero Club Orán');
INSERT INTO aeropuerto (codigo_OACI, ciudad, provincia, nombre_aerop) VALUES ('SADS', 78, 1, 'Aeropuerto de San Justo');
INSERT INTO aeropuerto (codigo_OACI, ciudad, provincia, nombre_aerop) VALUES ('SANT', 79, 24, 'Aeropuerto Internacional Teniente General Benjamín Matienzo');
INSERT INTO aeropuerto (codigo_OACI, ciudad, provincia, nombre_aerop) VALUES ('SAZR', 80, 11, 'Aeropuerto de Santa Rosa');
INSERT INTO aeropuerto (codigo_OACI, ciudad, provincia, nombre_aerop) VALUES ('SAZL', 81, 1, 'Aeropuerto de Santa Teresita');
INSERT INTO aeropuerto (codigo_OACI, ciudad, provincia, nombre_aerop) VALUES ('SANE', 82, 22, 'Aeropuerto Vicecomodoro Ángel de la Paz Aragonés');
INSERT INTO aeropuerto (codigo_OACI, ciudad, provincia, nombre_aerop) VALUES ('SAZY', 83, 15, 'Aeropuerto Aviador Carlos Campos');
INSERT INTO aeropuerto (codigo_OACI, ciudad, provincia, nombre_aerop) VALUES ('SAAV', 84, 21, 'Aeropuerto de Sauce Viejo');
INSERT INTO aeropuerto (codigo_OACI, ciudad, provincia, nombre_aerop) VALUES ('SAFS', 85, 21, 'Aeropuerto de Sunchales');
INSERT INTO aeropuerto (codigo_OACI, ciudad, provincia, nombre_aerop) VALUES ('SAZT', 86, 1, 'Aeropuerto de Tandil');
INSERT INTO aeropuerto (codigo_OACI, ciudad, provincia, nombre_aerop) VALUES ('SAST', 87, 17, 'Aeropuerto de Tartagal');
INSERT INTO aeropuerto (codigo_OACI, ciudad, provincia, nombre_aerop) VALUES ('SANR', 88, 22, 'Aeropuerto Internacional Termas de Río Hondo');
INSERT INTO aeropuerto (codigo_OACI, ciudad, provincia, nombre_aerop) VALUES ('SAVT', 89, 5, 'Aeropuerto Almirante Marco Andrés Zar');
INSERT INTO aeropuerto (codigo_OACI, ciudad, provincia, nombre_aerop) VALUES ('SAZH', 90, 1, 'Aeropuerto Municipal Primer Teniente Héctor Ricardo Volponi');
INSERT INTO aeropuerto (codigo_OACI, ciudad, provincia, nombre_aerop) VALUES ('SAWH', 91, 23, 'Aeropuerto de Ushuaia');
INSERT INTO aeropuerto (codigo_OACI, ciudad, provincia, nombre_aerop) VALUES ('SAVV', 92, 16, 'Aeropuerto Gobernador Edgardo Castello');
INSERT INTO aeropuerto (codigo_OACI, ciudad, provincia, nombre_aerop) VALUES ('SAOD', 93, 6, 'Aeropuerto de Villa Dolores');
INSERT INTO aeropuerto (codigo_OACI, ciudad, provincia, nombre_aerop) VALUES ('SAZV', 94, 1, 'Aeropuerto de Villa Gesell');
INSERT INTO aeropuerto (codigo_OACI, ciudad, provincia, nombre_aerop) VALUES ('SAOR', 95, 19, 'Aeropuerto de Villa Reynolds');
INSERT INTO aeropuerto (codigo_OACI, ciudad, provincia, nombre_aerop) VALUES ('SAAU', 96, 8, 'Aeropuerto de Villaguay');
INSERT INTO aeropuerto (codigo_OACI, ciudad, provincia, nombre_aerop) VALUES ('SAHZ', 97, 15, 'Aeropuerto de Zapala');

--
-- Volcado de datos para la tabla vuelo
--

INSERT INTO vuelo(codigo, origen, destino, cod_avion, precio_primera, precio_economy, lunes, martes, miercoles, jueves, viernes, sabado, domingo) VALUES (1, 'SAVR', 'SAZY', 3, 1464.93, 1191, 1, 1, 1, NULL, NULL, NULL, NULL);
INSERT INTO vuelo(codigo, origen, destino, cod_avion, precio_primera, precio_economy, lunes, martes, miercoles, jueves, viernes, sabado, domingo) VALUES (2, 'SAZA', 'SAZW', 2, 2258.28, 1836, NULL, 1, 1, NULL, NULL, NULL, 1);
INSERT INTO vuelo(codigo, origen, destino, cod_avion, precio_primera, precio_economy, lunes, martes, miercoles, jueves, viernes, sabado, domingo) VALUES (3, 'SAZB', 'SAZV', 1, 3071.31, 2497, NULL, 1, 1, NULL, 1, 1, 1);
INSERT INTO vuelo(codigo, origen, destino, cod_avion, precio_primera, precio_economy, lunes, martes, miercoles, jueves, viernes, sabado, domingo) VALUES (4, 'SAZS', 'SAZT', 4, 2658.03, 2161, NULL, NULL, NULL, NULL, NULL, 1, NULL);
INSERT INTO vuelo(codigo, origen, destino, cod_avion, precio_primera, precio_economy, lunes, martes, miercoles, jueves, viernes, sabado, domingo) VALUES (5, 'SAZI', 'SAZS', 3, 1510.44, 1228, NULL, NULL, NULL, 1, 1, NULL, 1);
INSERT INTO vuelo(codigo, origen, destino, cod_avion, precio_primera, precio_economy, lunes, martes, miercoles, jueves, viernes, sabado, domingo) VALUES (6, 'SADO', 'SAZP', 2, 1190.64, 968, NULL, NULL, NULL, NULL, 1, 1, NULL);
INSERT INTO vuelo(codigo, origen, destino, cod_avion, precio_primera, precio_economy, lunes, martes, miercoles, jueves, viernes, sabado, domingo) VALUES (7, 'SAHE', 'SAZO', 3, 1575.63, 1281, NULL, 1, NULL, NULL, 1, NULL, NULL);
INSERT INTO vuelo(codigo, origen, destino, cod_avion, precio_primera, precio_economy, lunes, martes, miercoles, jueves, viernes, sabado, domingo) VALUES (8, 'SANW', 'SAZN', 2, 2564.55, 2085, 1, 1, NULL, 1, NULL, NULL, NULL);
INSERT INTO vuelo(codigo, origen, destino, cod_avion, precio_primera, precio_economy, lunes, martes, miercoles, jueves, viernes, sabado, domingo) VALUES (9, 'SACT', 'SAZM', 3, 2036.88, 1656, NULL, 1, 1, 1, NULL, NULL, 1);
INSERT INTO vuelo(codigo, origen, destino, cod_avion, precio_primera, precio_economy, lunes, martes, miercoles, jueves, viernes, sabado, domingo) VALUES (10, 'SACP', 'SAZL', 2, 2437.86, 1982, NULL, 1, 1, NULL, NULL, 1, NULL);
INSERT INTO vuelo(codigo, origen, destino, cod_avion, precio_primera, precio_economy, lunes, martes, miercoles, jueves, viernes, sabado, domingo) VALUES (11, 'SANO', 'SAZI', 1, 1136.52, 924, NULL, 1, 1, NULL, NULL, NULL, NULL);
INSERT INTO vuelo(codigo, origen, destino, cod_avion, precio_primera, precio_economy, lunes, martes, miercoles, jueves, viernes, sabado, domingo) VALUES (12, 'SATC', 'SAZH', 4, 2592.84, 2108, 1, NULL, NULL, NULL, 1, NULL, 1);
INSERT INTO vuelo(codigo, origen, destino, cod_avion, precio_primera, precio_economy, lunes, martes, miercoles, jueves, viernes, sabado, domingo) VALUES (13, 'SAVC', 'SAZG', 2, 1125.45, 915, 1, 1, 1, NULL, NULL, 1, 1);
INSERT INTO vuelo(codigo, origen, destino, cod_avion, precio_primera, precio_economy, lunes, martes, miercoles, jueves, viernes, sabado, domingo) VALUES (14, 'SACO', 'SAZF', 2, 1453.86, 1182, 1, 1, 1, 1, 1, NULL, 1);
INSERT INTO vuelo(codigo, origen, destino, cod_avion, precio_primera, precio_economy, lunes, martes, miercoles, jueves, viernes, sabado, domingo) VALUES (15, 'SAAC', 'SAZD', 2, 1952.01, 1587, 1, NULL, 1, 1, 1, 1, NULL);
INSERT INTO vuelo(codigo, origen, destino, cod_avion, precio_primera, precio_economy, lunes, martes, miercoles, jueves, viernes, sabado, domingo) VALUES (16, 'SAZC', 'SAZC', 2, 1923.72, 1564, NULL, 1, 1, 1, 1, NULL, 1);
INSERT INTO vuelo(codigo, origen, destino, cod_avion, precio_primera, precio_economy, lunes, martes, miercoles, jueves, viernes, sabado, domingo) VALUES (17, 'SARC', 'SAZB', 3, 3046.71, 2477, 1, 1, 1, NULL, NULL, 1, 1);
INSERT INTO vuelo(codigo, origen, destino, cod_avion, precio_primera, precio_economy, lunes, martes, miercoles, jueves, viernes, sabado, domingo) VALUES (18, 'SATU', 'SAZA', 4, 3063.93, 2491, 1, 1, 1, 1, 1, NULL, NULL);
INSERT INTO vuelo(codigo, origen, destino, cod_avion, precio_primera, precio_economy, lunes, martes, miercoles, jueves, viernes, sabado, domingo) VALUES (19, 'SAZW', 'SAWU', 1, 1912.65, 1555, 1, NULL, NULL, 1, 1, 1, 1);
INSERT INTO vuelo(codigo, origen, destino, cod_avion, precio_primera, precio_economy, lunes, martes, miercoles, jueves, viernes, sabado, domingo) VALUES (20, 'SAZD', 'SAWT', 3, 3014.73, 2451, NULL, 1, 1, NULL, NULL, NULL, NULL);
INSERT INTO vuelo(codigo, origen, destino, cod_avion, precio_primera, precio_economy, lunes, martes, miercoles, jueves, viernes, sabado, domingo) VALUES (21, 'SADD', 'SAWP', 3, 2167.26, 1762, 1, NULL, NULL, 1, 1, NULL, 1);
INSERT INTO vuelo(codigo, origen, destino, cod_avion, precio_primera, precio_economy, lunes, martes, miercoles, jueves, viernes, sabado, domingo) VALUES (22, 'SAVB', 'SAWJ', 2, 2846.22, 2314, NULL, 1, 1, NULL, NULL, NULL, 1);
INSERT INTO vuelo(codigo, origen, destino, cod_avion, precio_primera, precio_economy, lunes, martes, miercoles, jueves, viernes, sabado, domingo) VALUES (23, 'SAWC', 'SAWH', 4, 2043.03, 1661, 1, NULL, NULL, 1, NULL, 1, 1);
INSERT INTO vuelo(codigo, origen, destino, cod_avion, precio_primera, precio_economy, lunes, martes, miercoles, jueves, viernes, sabado, domingo) VALUES (24, 'SAWA', 'SAWG', 3, 1619.91, 1317, 1, NULL, NULL, NULL, 1, 1, 1);
INSERT INTO vuelo(codigo, origen, destino, cod_avion, precio_primera, precio_economy, lunes, martes, miercoles, jueves, viernes, sabado, domingo) VALUES (25, 'SADP', 'SAWE', 1, 2776.11, 2257, NULL, NULL, 1, 1, 1, 1, NULL);
INSERT INTO vuelo(codigo, origen, destino, cod_avion, precio_primera, precio_economy, lunes, martes, miercoles, jueves, viernes, sabado, domingo) VALUES (26, 'SAVE', 'SAWD', 3, 2485.83, 2021, 1, NULL, NULL, 1, 1, NULL, NULL);
INSERT INTO vuelo(codigo, origen, destino, cod_avion, precio_primera, precio_economy, lunes, martes, miercoles, jueves, viernes, sabado, domingo) VALUES (27, 'SAEZ', 'SAWC', 1, 2377.59, 1933, NULL, 1, 1, 1, NULL, 1, 1);
INSERT INTO vuelo(codigo, origen, destino, cod_avion, precio_primera, precio_economy, lunes, martes, miercoles, jueves, viernes, sabado, domingo) VALUES (28, 'SARF', 'SAWA', 3, 1168.5, 950, NULL, NULL, 1, NULL, 1, 1, NULL);
INSERT INTO vuelo(codigo, origen, destino, cod_avion, precio_primera, precio_economy, lunes, martes, miercoles, jueves, viernes, sabado, domingo) VALUES (29, 'SAMA', 'SAVY', 1, 1495.68, 1216, NULL, 1, NULL, NULL, NULL, 1, NULL);
INSERT INTO vuelo(codigo, origen, destino, cod_avion, precio_primera, precio_economy, lunes, martes, miercoles, jueves, viernes, sabado, domingo) VALUES (30, 'SAZG', 'SAVV', 2, 2393.58, 1946, 1, NULL, 1, 1, NULL, 1, 1);
INSERT INTO vuelo(codigo, origen, destino, cod_avion, precio_primera, precio_economy, lunes, martes, miercoles, jueves, viernes, sabado, domingo) VALUES (31, 'SAHR', 'SAVT', 2, 2323.47, 1889, 1, 1, NULL, 1, NULL, NULL, 1);
INSERT INTO vuelo(codigo, origen, destino, cod_avion, precio_primera, precio_economy, lunes, martes, miercoles, jueves, viernes, sabado, domingo) VALUES (32, 'SAVJ', 'SAVR', 2, 1091.01, 887, NULL, NULL, 1, NULL, 1, 1, 1);
INSERT INTO vuelo(codigo, origen, destino, cod_avion, precio_primera, precio_economy, lunes, martes, miercoles, jueves, viernes, sabado, domingo) VALUES (33, 'SAAK', 'SAVJ', 4, 1391.13, 1131, 1, 1, 1, NULL, NULL, 1, NULL);
INSERT INTO vuelo(codigo, origen, destino, cod_avion, precio_primera, precio_economy, lunes, martes, miercoles, jueves, viernes, sabado, domingo) VALUES (34, 'SADJ', 'SAVH', 1, 1122.99, 913, 1, NULL, NULL, NULL, NULL, NULL, 1);
INSERT INTO vuelo(codigo, origen, destino, cod_avion, precio_primera, precio_economy, lunes, martes, miercoles, jueves, viernes, sabado, domingo) VALUES (35, 'SAAJ', 'SAVE', 4, 2860.98, 2326, NULL, NULL, NULL, 1, NULL, 1, 1);
INSERT INTO vuelo(codigo, origen, destino, cod_avion, precio_primera, precio_economy, lunes, martes, miercoles, jueves, viernes, sabado, domingo) VALUES (36, 'SAOL', 'SAVC', 4, 1606.38, 1306, NULL, 1, 1, 1, NULL, 1, NULL);
INSERT INTO vuelo(codigo, origen, destino, cod_avion, precio_primera, precio_economy, lunes, martes, miercoles, jueves, viernes, sabado, domingo) VALUES (37, 'SACC', 'SAVB', 2, 2116.83, 1721, NULL, NULL, NULL, 1, 1, NULL, NULL);
INSERT INTO vuelo(codigo, origen, destino, cod_avion, precio_primera, precio_economy, lunes, martes, miercoles, jueves, viernes, sabado, domingo) VALUES (38, 'SADL', 'SATU', 3, 2682.63, 2181, 1, NULL, NULL, NULL, NULL, 1, 1);
INSERT INTO vuelo(codigo, origen, destino, cod_avion, precio_primera, precio_economy, lunes, martes, miercoles, jueves, viernes, sabado, domingo) VALUES (39, 'SANL', 'SATR', 2, 2239.83, 1821, 1, 1, NULL, 1, 1, NULL, 1);
INSERT INTO vuelo(codigo, origen, destino, cod_avion, precio_primera, precio_economy, lunes, martes, miercoles, jueves, viernes, sabado, domingo) VALUES (40, 'SAVH', 'SATK', 2, 2405.88, 1956, 1, NULL, 1, 1, NULL, 1, 1);
INSERT INTO vuelo(codigo, origen, destino, cod_avion, precio_primera, precio_economy, lunes, martes, miercoles, jueves, viernes, sabado, domingo) VALUES (41, 'SATK', 'SATC', 4, 2717.07, 2209, 1, 1, 1, NULL, 1, 1, NULL);
INSERT INTO vuelo(codigo, origen, destino, cod_avion, precio_primera, precio_economy, lunes, martes, miercoles, jueves, viernes, sabado, domingo) VALUES (42, 'SAMM', 'SAST', 1, 2702.31, 2197, 1, NULL, 1, 1, 1, 1, 1);
INSERT INTO vuelo(codigo, origen, destino, cod_avion, precio_primera, precio_economy, lunes, martes, miercoles, jueves, viernes, sabado, domingo) VALUES (43, 'SAZM', 'SASO', 1, 1670.34, 1358, NULL, 1, NULL, NULL, NULL, NULL, NULL);
INSERT INTO vuelo(codigo, origen, destino, cod_avion, precio_primera, precio_economy, lunes, martes, miercoles, jueves, viernes, sabado, domingo) VALUES (44, 'SAME', 'SASJ', 4, 1100.85, 895, NULL, NULL, NULL, 1, 1, 1, NULL);
INSERT INTO vuelo(codigo, origen, destino, cod_avion, precio_primera, precio_economy, lunes, martes, miercoles, jueves, viernes, sabado, domingo) VALUES (45, 'SAOS', 'SARS', 4, 1041.81, 847, NULL, NULL, 1, NULL, NULL, NULL, 1);
INSERT INTO vuelo(codigo, origen, destino, cod_avion, precio_primera, precio_economy, lunes, martes, miercoles, jueves, viernes, sabado, domingo) VALUES (46, 'SAEM', 'SARS', 2, 2515.35, 2045, 1, NULL, 1, NULL, 1, NULL, 1);
INSERT INTO vuelo(codigo, origen, destino, cod_avion, precio_primera, precio_economy, lunes, martes, miercoles, jueves, viernes, sabado, domingo) VALUES (47, 'SARM', 'SARP', 3, 1364.07, 1109, NULL, 1, NULL, NULL, 1, 1, NULL);
INSERT INTO vuelo(codigo, origen, destino, cod_avion, precio_primera, precio_economy, lunes, martes, miercoles, jueves, viernes, sabado, domingo) VALUES (48, 'SADM', 'SARM', 2, 2168.49, 1763, 1, 1, NULL, 1, 1, 1, 1);
INSERT INTO vuelo(codigo, origen, destino, cod_avion, precio_primera, precio_economy, lunes, martes, miercoles, jueves, viernes, sabado, domingo) VALUES (49, 'SAZO', 'SARL', 1, 2047.95, 1665, NULL, 1, NULL, 1, 1, NULL, 1);
INSERT INTO vuelo(codigo, origen, destino, cod_avion, precio_primera, precio_economy, lunes, martes, miercoles, jueves, viernes, sabado, domingo) VALUES (50, 'SAZN', 'SARI', 2, 2225.07, 1809, NULL, NULL, NULL, NULL, NULL, 1, NULL);
INSERT INTO vuelo(codigo, origen, destino, cod_avion, precio_primera, precio_economy, lunes, martes, miercoles, jueves, viernes, sabado, domingo) VALUES (51, 'SAZF', 'SARF', 2, 2264.43, 1841, NULL, NULL, NULL, NULL, 1, NULL, NULL);
INSERT INTO vuelo(codigo, origen, destino, cod_avion, precio_primera, precio_economy, lunes, martes, miercoles, jueves, viernes, sabado, domingo) VALUES (52, 'SAAP', 'SARE', 3, 1327.17, 1079, NULL, NULL, NULL, 1, 1, NULL, 1);
INSERT INTO vuelo(codigo, origen, destino, cod_avion, precio_primera, precio_economy, lunes, martes, miercoles, jueves, viernes, sabado, domingo) VALUES (53, 'SARL', 'SARC', 4, 1362.84, 1108, 1, 1, 1, 1, 1, NULL, 1);
INSERT INTO vuelo(codigo, origen, destino, cod_avion, precio_primera, precio_economy, lunes, martes, miercoles, jueves, viernes, sabado, domingo) VALUES (54, 'SAZP', 'SAOU', 2, 2597.76, 2112, 1, 1, NULL, NULL, NULL, NULL, 1);
INSERT INTO vuelo(codigo, origen, destino, cod_avion, precio_primera, precio_economy, lunes, martes, miercoles, jueves, viernes, sabado, domingo) VALUES (55, 'SASJ', 'SAOS', 2, 2966.76, 2412, NULL, 1, NULL, NULL, 1, NULL, NULL);
INSERT INTO vuelo(codigo, origen, destino, cod_avion, precio_primera, precio_economy, lunes, martes, miercoles, jueves, viernes, sabado, domingo) VALUES (56, 'SAWP', 'SAOR', 1, 2435.4, 1980, NULL, NULL, 1, NULL, NULL, NULL, 1);
INSERT INTO vuelo(codigo, origen, destino, cod_avion, precio_primera, precio_economy, lunes, martes, miercoles, jueves, viernes, sabado, domingo) VALUES (57, 'SARP', 'SAOL', 4, 1060.26, 862, 1, 1, 1, 1, 1, 1, 1);
INSERT INTO vuelo(codigo, origen, destino, cod_avion, precio_primera, precio_economy, lunes, martes, miercoles, jueves, viernes, sabado, domingo) VALUES (58, 'SAWD', 'SAOD', 1, 1875.75, 1525, 1, NULL, NULL, NULL, NULL, NULL, 1);
INSERT INTO vuelo(codigo, origen, destino, cod_avion, precio_primera, precio_economy, lunes, martes, miercoles, jueves, viernes, sabado, domingo) VALUES (59, 'SARI', 'SAOC', 3, 2741.67, 2229, 1, NULL, NULL, 1, 1, 1, 1);
INSERT INTO vuelo(codigo, origen, destino, cod_avion, precio_primera, precio_economy, lunes, martes, miercoles, jueves, viernes, sabado, domingo) VALUES (60, 'SAVY', 'SANW', 4, 1070.1, 870, NULL, NULL, NULL, NULL, 1, NULL, NULL);
INSERT INTO vuelo(codigo, origen, destino, cod_avion, precio_primera, precio_economy, lunes, martes, miercoles, jueves, viernes, sabado, domingo) VALUES (61, 'SAWJ', 'SANU', 2, 2664.18, 2166, NULL, NULL, NULL, 1, NULL, NULL, NULL);
INSERT INTO vuelo(codigo, origen, destino, cod_avion, precio_primera, precio_economy, lunes, martes, miercoles, jueves, viernes, sabado, domingo) VALUES (62, 'SAWU', 'SANT', 3, 1442.79, 1173, 1, NULL, NULL, NULL, NULL, 1, NULL);
INSERT INTO vuelo(codigo, origen, destino, cod_avion, precio_primera, precio_economy, lunes, martes, miercoles, jueves, viernes, sabado, domingo) VALUES (63, 'SARS', 'SANR', 2, 2461.23, 2001, 1, NULL, 1, 1, 1, 1, 1);
INSERT INTO vuelo(codigo, origen, destino, cod_avion, precio_primera, precio_economy, lunes, martes, miercoles, jueves, viernes, sabado, domingo) VALUES (64, 'SATR', 'SANO', 1, 2726.91, 2217, NULL, 1, NULL, 1, 1, 1, 1);
INSERT INTO vuelo(codigo, origen, destino, cod_avion, precio_primera, precio_economy, lunes, martes, miercoles, jueves, viernes, sabado, domingo) VALUES (65, 'SARE', 'SANL', 1, 2870.82, 2334, 1, NULL, NULL, NULL, 1, NULL, NULL);
INSERT INTO vuelo(codigo, origen, destino, cod_avion, precio_primera, precio_economy, lunes, martes, miercoles, jueves, viernes, sabado, domingo) VALUES (66, 'SAOC', 'SANE', 1, 2477.22, 2014, NULL, 1, 1, NULL, NULL, 1, NULL);
INSERT INTO vuelo(codigo, origen, destino, cod_avion, precio_primera, precio_economy, lunes, martes, miercoles, jueves, viernes, sabado, domingo) VALUES (67, 'SAWG', 'SANC', 1, 1798.26, 1462, NULL, 1, NULL, 1, 1, NULL, 1);
INSERT INTO vuelo(codigo, origen, destino, cod_avion, precio_primera, precio_economy, lunes, martes, miercoles, jueves, viernes, sabado, domingo) VALUES (68, 'SAWE', 'SAMR', 1, 2790.87, 2269, NULL, NULL, NULL, NULL, 1, 1, 1);
INSERT INTO vuelo(codigo, origen, destino, cod_avion, precio_primera, precio_economy, lunes, martes, miercoles, jueves, viernes, sabado, domingo) VALUES (69, 'SAWT', 'SAMM', 2, 2712.15, 2205, 1, NULL, 1, 1, NULL, 1, NULL);
INSERT INTO vuelo(codigo, origen, destino, cod_avion, precio_primera, precio_economy, lunes, martes, miercoles, jueves, viernes, sabado, domingo) VALUES (70, 'SAAR', 'SAME', 1, 1349.31, 1097, NULL, NULL, 1, NULL, NULL, NULL, 1);
INSERT INTO vuelo(codigo, origen, destino, cod_avion, precio_primera, precio_economy, lunes, martes, miercoles, jueves, viernes, sabado, domingo) VALUES (71, 'SARS', 'SAMA', 1, 1216.47, 989, NULL, NULL, 1, NULL, NULL, 1, 1);
INSERT INTO vuelo(codigo, origen, destino, cod_avion, precio_primera, precio_economy, lunes, martes, miercoles, jueves, viernes, sabado, domingo) VALUES (72, 'SADF', 'SAHZ', 3, 2899.11, 2357, NULL, NULL, NULL, NULL, NULL, NULL, 1);
INSERT INTO vuelo(codigo, origen, destino, cod_avion, precio_primera, precio_economy, lunes, martes, miercoles, jueves, viernes, sabado, domingo) VALUES (73, 'SANC', 'SAHR', 4, 2110.68, 1716, 1, NULL, NULL, 1, NULL, 1, NULL);
INSERT INTO vuelo(codigo, origen, destino, cod_avion, precio_primera, precio_economy, lunes, martes, miercoles, jueves, viernes, sabado, domingo) VALUES (74, 'SANU', 'SAHE', 4, 1706.01, 1387, NULL, 1, 1, 1, 1, NULL, 1);
INSERT INTO vuelo(codigo, origen, destino, cod_avion, precio_primera, precio_economy, lunes, martes, miercoles, jueves, viernes, sabado, domingo) VALUES (75, 'SAOU', 'SAFS', 2, 1269.36, 1032, NULL, NULL, 1, 1, 1, NULL, 1);
INSERT INTO vuelo(codigo, origen, destino, cod_avion, precio_primera, precio_economy, lunes, martes, miercoles, jueves, viernes, sabado, domingo) VALUES (76, 'SAMR', 'SAEZ', 3, 1939.71, 1577, 1, 1, 1, 1, 1, 1, NULL);
INSERT INTO vuelo(codigo, origen, destino, cod_avion, precio_primera, precio_economy, lunes, martes, miercoles, jueves, viernes, sabado, domingo) VALUES (77, 'SASO', 'SAEM', 2, 1790.88, 1456, 1, NULL, NULL, NULL, 1, NULL, 1);
INSERT INTO vuelo(codigo, origen, destino, cod_avion, precio_primera, precio_economy, lunes, martes, miercoles, jueves, viernes, sabado, domingo) VALUES (78, 'SADS', 'SADS', 1, 1650.66, 1342, 1, NULL, 1, NULL, 1, NULL, NULL);
INSERT INTO vuelo(codigo, origen, destino, cod_avion, precio_primera, precio_economy, lunes, martes, miercoles, jueves, viernes, sabado, domingo) VALUES (79, 'SANT', 'SADP', 3, 2007.36, 1632, 1, 1, 1, NULL, 1, NULL, NULL);
INSERT INTO vuelo(codigo, origen, destino, cod_avion, precio_primera, precio_economy, lunes, martes, miercoles, jueves, viernes, sabado, domingo) VALUES (80, 'SAZR', 'SADO', 3, 2969.22, 2414, NULL, NULL, NULL, 1, 1, NULL, NULL);
INSERT INTO vuelo(codigo, origen, destino, cod_avion, precio_primera, precio_economy, lunes, martes, miercoles, jueves, viernes, sabado, domingo) VALUES (81, 'SAZL', 'SADM', 2, 2890.5, 2350, 1, 1, NULL, 1, 1, NULL, 1);
INSERT INTO vuelo(codigo, origen, destino, cod_avion, precio_primera, precio_economy, lunes, martes, miercoles, jueves, viernes, sabado, domingo) VALUES (82, 'SANE', 'SADL', 3, 2263.2, 1840, NULL, 1, NULL, 1, NULL, NULL, 1);
INSERT INTO vuelo(codigo, origen, destino, cod_avion, precio_primera, precio_economy, lunes, martes, miercoles, jueves, viernes, sabado, domingo) VALUES (83, 'SAZY', 'SADJ', 3, 2576.85, 2095, NULL, 1, 1, NULL, NULL, NULL, 1);
INSERT INTO vuelo(codigo, origen, destino, cod_avion, precio_primera, precio_economy, lunes, martes, miercoles, jueves, viernes, sabado, domingo) VALUES (84, 'SAAV', 'SADF', 1, 2168.49, 1763, NULL, NULL, 1, NULL, 1, NULL, NULL);
INSERT INTO vuelo(codigo, origen, destino, cod_avion, precio_primera, precio_economy, lunes, martes, miercoles, jueves, viernes, sabado, domingo) VALUES (85, 'SAFS', 'SADD', 2, 2809.32, 2284, NULL, 1, NULL, NULL, 1, 1, NULL);
INSERT INTO vuelo(codigo, origen, destino, cod_avion, precio_primera, precio_economy, lunes, martes, miercoles, jueves, viernes, sabado, domingo) VALUES (86, 'SAZT', 'SACT', 3, 2794.56, 2272, 1, NULL, NULL, NULL, 1, NULL, NULL);
INSERT INTO vuelo(codigo, origen, destino, cod_avion, precio_primera, precio_economy, lunes, martes, miercoles, jueves, viernes, sabado, domingo) VALUES (87, 'SAST', 'SACP', 4, 2274.27, 1849, 1, NULL, NULL, NULL, NULL, NULL, 1);
INSERT INTO vuelo(codigo, origen, destino, cod_avion, precio_primera, precio_economy, lunes, martes, miercoles, jueves, viernes, sabado, domingo) VALUES (88, 'SANR', 'SACO', 2, 1908.96, 1552, NULL, NULL, 1, 1, 1, 1, NULL);
INSERT INTO vuelo(codigo, origen, destino, cod_avion, precio_primera, precio_economy, lunes, martes, miercoles, jueves, viernes, sabado, domingo) VALUES (89, 'SAVT', 'SACC', 2, 3040.56, 2472, NULL, 1, NULL, 1, 1, 1, NULL);
INSERT INTO vuelo(codigo, origen, destino, cod_avion, precio_primera, precio_economy, lunes, martes, miercoles, jueves, viernes, sabado, domingo) VALUES (90, 'SAZH', 'SABE', 2, 2939.7, 2390, 1, 1, 1, 1, 1, NULL, 1);
INSERT INTO vuelo(codigo, origen, destino, cod_avion, precio_primera, precio_economy, lunes, martes, miercoles, jueves, viernes, sabado, domingo) VALUES (91, 'SAWH', 'SAAV', 3, 1842.54, 1498, NULL, NULL, 1, NULL, 1, 1, NULL);
INSERT INTO vuelo(codigo, origen, destino, cod_avion, precio_primera, precio_economy, lunes, martes, miercoles, jueves, viernes, sabado, domingo) VALUES (92, 'SAVV', 'SAAU', 4, 1455.09, 1183, 1, NULL, 1, 1, NULL, 1, NULL);
INSERT INTO vuelo(codigo, origen, destino, cod_avion, precio_primera, precio_economy, lunes, martes, miercoles, jueves, viernes, sabado, domingo) VALUES (93, 'SAOD', 'SAAR', 2, 1626.06, 1322, 1, NULL, NULL, NULL, 1, 1, 1);
INSERT INTO vuelo(codigo, origen, destino, cod_avion, precio_primera, precio_economy, lunes, martes, miercoles, jueves, viernes, sabado, domingo) VALUES (94, 'SAZV', 'SAAP', 2, 1509.21, 1227, NULL, 1, NULL, 1, NULL, 1, NULL);
INSERT INTO vuelo(codigo, origen, destino, cod_avion, precio_primera, precio_economy, lunes, martes, miercoles, jueves, viernes, sabado, domingo) VALUES (95, 'SAOR', 'SAAK', 3, 1901.58, 1546, NULL, 1, NULL, 1, NULL, NULL, NULL);
INSERT INTO vuelo(codigo, origen, destino, cod_avion, precio_primera, precio_economy, lunes, martes, miercoles, jueves, viernes, sabado, domingo) VALUES (96, 'SAAU', 'SAAJ', 2, 1020.9, 830, NULL, 1, 1, NULL, 1, 1, 1);
INSERT INTO vuelo(codigo, origen, destino, cod_avion, precio_primera, precio_economy, lunes, martes, miercoles, jueves, viernes, sabado, domingo) VALUES (97, 'SAHZ', 'SAAC', 2, 2426.79, 1973, 1, 1, 1, 1, NULL, 1, NULL);
INSERT INTO vuelo(codigo, origen, destino, cod_avion, precio_primera, precio_economy, lunes, martes, miercoles, jueves, viernes, sabado, domingo) VALUES (98, 'SABE', 'SADO', 2, 3046.71, 2477, 1, NULL, NULL, 1, 1, 1, 1);
INSERT INTO vuelo(codigo, origen, destino, cod_avion, precio_primera, precio_economy, lunes, martes, miercoles, jueves, viernes, sabado, domingo) VALUES (99, 'SABE', 'SAHE', 1, 2862.21, 2327, NULL, 1, NULL, 1, NULL, 1, 1);
INSERT INTO vuelo(codigo, origen, destino, cod_avion, precio_primera, precio_economy, lunes, martes, miercoles, jueves, viernes, sabado, domingo) VALUES (100, 'SABE', 'SANW', 1, 1317.33, 1071, NULL, NULL, NULL, NULL, 1, 1, 1);
INSERT INTO vuelo(codigo, origen, destino, cod_avion, precio_primera, precio_economy, lunes, martes, miercoles, jueves, viernes, sabado, domingo) VALUES (101, 'SABE', 'SACT', 4, 2843.76, 2312, NULL, 1, 1, 1, NULL, NULL, 1);
INSERT INTO vuelo(codigo, origen, destino, cod_avion, precio_primera, precio_economy, lunes, martes, miercoles, jueves, viernes, sabado, domingo) VALUES (102, 'SABE', 'SACP', 3, 1205.4, 980, NULL, 1, NULL, 1, NULL, 1, NULL);
INSERT INTO vuelo(codigo, origen, destino, cod_avion, precio_primera, precio_economy, lunes, martes, miercoles, jueves, viernes, sabado, domingo) VALUES (103, 'SABE', 'SANO', 4, 2629.74, 2138, NULL, 1, 1, 1, 1, NULL, NULL);
INSERT INTO vuelo(codigo, origen, destino, cod_avion, precio_primera, precio_economy, lunes, martes, miercoles, jueves, viernes, sabado, domingo) VALUES (104, 'SABE', 'SATC', 1, 2394.81, 1947, 1, NULL, 1, 1, NULL, NULL, 1);
INSERT INTO vuelo(codigo, origen, destino, cod_avion, precio_primera, precio_economy, lunes, martes, miercoles, jueves, viernes, sabado, domingo) VALUES (105, 'SABE', 'SAVC', 1, 1178.34, 958, NULL, 1, 1, NULL, 1, 1, 1);
INSERT INTO vuelo(codigo, origen, destino, cod_avion, precio_primera, precio_economy, lunes, martes, miercoles, jueves, viernes, sabado, domingo) VALUES (106, 'SABE', 'SACO', 1, 2562.09, 2083, 1, NULL, 1, 1, 1, 1, 1);
INSERT INTO vuelo(codigo, origen, destino, cod_avion, precio_primera, precio_economy, lunes, martes, miercoles, jueves, viernes, sabado, domingo) VALUES (107, 'SABE', 'SAAC', 3, 2574.39, 2093, 1, 1, 1, 1, NULL, NULL, 1);
INSERT INTO vuelo(codigo, origen, destino, cod_avion, precio_primera, precio_economy, lunes, martes, miercoles, jueves, viernes, sabado, domingo) VALUES (108, 'SABE', 'SAZC', 3, 1306.26, 1062, 1, NULL, NULL, NULL, NULL, 1, NULL);
INSERT INTO vuelo(codigo, origen, destino, cod_avion, precio_primera, precio_economy, lunes, martes, miercoles, jueves, viernes, sabado, domingo) VALUES (109, 'SABE', 'SARC', 3, 1692.48, 1376, 1, 1, NULL, NULL, NULL, 1, 1);
INSERT INTO vuelo(codigo, origen, destino, cod_avion, precio_primera, precio_economy, lunes, martes, miercoles, jueves, viernes, sabado, domingo) VALUES (110, 'SABE', 'SATU', 1, 1757.67, 1429, 1, NULL, NULL, NULL, NULL, 1, 1);
INSERT INTO vuelo(codigo, origen, destino, cod_avion, precio_primera, precio_economy, lunes, martes, miercoles, jueves, viernes, sabado, domingo) VALUES (111, 'SABE', 'SAZW', 4, 1425.57, 1159, NULL, 1, NULL, 1, NULL, NULL, 1);
INSERT INTO vuelo(codigo, origen, destino, cod_avion, precio_primera, precio_economy, lunes, martes, miercoles, jueves, viernes, sabado, domingo) VALUES (112, 'SABE', 'SAZD', 1, 2141.43, 1741, NULL, NULL, 1, 1, NULL, 1, 1);
INSERT INTO vuelo(codigo, origen, destino, cod_avion, precio_primera, precio_economy, lunes, martes, miercoles, jueves, viernes, sabado, domingo) VALUES (113, 'SABE', 'SADD', 3, 2945.85, 2395, NULL, 1, 1, NULL, NULL, NULL, 1);
INSERT INTO vuelo(codigo, origen, destino, cod_avion, precio_primera, precio_economy, lunes, martes, miercoles, jueves, viernes, sabado, domingo) VALUES (114, 'SABE', 'SAVB', 3, 1425.57, 1159, 1, NULL, NULL, NULL, 1, NULL, NULL);
INSERT INTO vuelo(codigo, origen, destino, cod_avion, precio_primera, precio_economy, lunes, martes, miercoles, jueves, viernes, sabado, domingo) VALUES (115, 'SABE', 'SAWC', 1, 1640.82, 1334, 1, NULL, 1, NULL, 1, NULL, NULL);
INSERT INTO vuelo(codigo, origen, destino, cod_avion, precio_primera, precio_economy, lunes, martes, miercoles, jueves, viernes, sabado, domingo) VALUES (116, 'SABE', 'SAWA', 3, 2204.16, 1792, NULL, 1, 1, 1, 1, NULL, 1);
INSERT INTO vuelo(codigo, origen, destino, cod_avion, precio_primera, precio_economy, lunes, martes, miercoles, jueves, viernes, sabado, domingo) VALUES (117, 'SABE', 'SADP', 3, 1517.82, 1234, 1, NULL, 1, NULL, NULL, 1, NULL);
INSERT INTO vuelo(codigo, origen, destino, cod_avion, precio_primera, precio_economy, lunes, martes, miercoles, jueves, viernes, sabado, domingo) VALUES (118, 'SABE', 'SAVE', 3, 2403.42, 1954, 1, 1, 1, 1, NULL, NULL, 1);
INSERT INTO vuelo(codigo, origen, destino, cod_avion, precio_primera, precio_economy, lunes, martes, miercoles, jueves, viernes, sabado, domingo) VALUES (119, 'SABE', 'SAEZ', 1, 1521.51, 1237, 1, 1, 1, 1, 1, NULL, 1);
INSERT INTO vuelo(codigo, origen, destino, cod_avion, precio_primera, precio_economy, lunes, martes, miercoles, jueves, viernes, sabado, domingo) VALUES (120, 'SABE', 'SARF', 2, 1430.49, 1163, 1, NULL, NULL, 1, 1, 1, 1);
INSERT INTO vuelo(codigo, origen, destino, cod_avion, precio_primera, precio_economy, lunes, martes, miercoles, jueves, viernes, sabado, domingo) VALUES (121, 'SABE', 'SAMA', 3, 2033.19, 1653, 1, NULL, 1, NULL, NULL, NULL, 1);
INSERT INTO vuelo(codigo, origen, destino, cod_avion, precio_primera, precio_economy, lunes, martes, miercoles, jueves, viernes, sabado, domingo) VALUES (122, 'SABE', 'SAZG', 2, 2161.11, 1757, NULL, NULL, NULL, 1, 1, NULL, 1);
INSERT INTO vuelo(codigo, origen, destino, cod_avion, precio_primera, precio_economy, lunes, martes, miercoles, jueves, viernes, sabado, domingo) VALUES (123, 'SABE', 'SAHR', 2, 2854.83, 2321, NULL, 1, NULL, 1, 1, NULL, NULL);
INSERT INTO vuelo(codigo, origen, destino, cod_avion, precio_primera, precio_economy, lunes, martes, miercoles, jueves, viernes, sabado, domingo) VALUES (124, 'SABE', 'SAVJ', 1, 1521.51, 1237, 1, NULL, NULL, NULL, 1, 1, 1);
INSERT INTO vuelo(codigo, origen, destino, cod_avion, precio_primera, precio_economy, lunes, martes, miercoles, jueves, viernes, sabado, domingo) VALUES (125, 'SABE', 'SAAK', 3, 2270.58, 1846, NULL, 1, 1, NULL, 1, NULL, NULL);
INSERT INTO vuelo(codigo, origen, destino, cod_avion, precio_primera, precio_economy, lunes, martes, miercoles, jueves, viernes, sabado, domingo) VALUES (126, 'SABE', 'SADJ', 4, 2691.24, 2188, 1, NULL, 1, NULL, 1, 1, NULL);
INSERT INTO vuelo(codigo, origen, destino, cod_avion, precio_primera, precio_economy, lunes, martes, miercoles, jueves, viernes, sabado, domingo) VALUES (127, 'SABE', 'SAAJ', 2, 1988.91, 1617, 1, 1, NULL, 1, NULL, 1, 1);
INSERT INTO vuelo(codigo, origen, destino, cod_avion, precio_primera, precio_economy, lunes, martes, miercoles, jueves, viernes, sabado, domingo) VALUES (128, 'SABE', 'SAOL', 4, 1359.15, 1105, 1, 1, 1, 1, 1, NULL, NULL);
INSERT INTO vuelo(codigo, origen, destino, cod_avion, precio_primera, precio_economy, lunes, martes, miercoles, jueves, viernes, sabado, domingo) VALUES (129, 'SABE', 'SACC', 3, 1980.3, 1610, NULL, 1, 1, NULL, NULL, NULL, NULL);
INSERT INTO vuelo(codigo, origen, destino, cod_avion, precio_primera, precio_economy, lunes, martes, miercoles, jueves, viernes, sabado, domingo) VALUES (130, 'SABE', 'SADL', 4, 2301.33, 1871, 1, 1, 1, 1, NULL, 1, 1);
INSERT INTO vuelo(codigo, origen, destino, cod_avion, precio_primera, precio_economy, lunes, martes, miercoles, jueves, viernes, sabado, domingo) VALUES (131, 'SABE', 'SANL', 1, 1683.87, 1369, 1, NULL, NULL, 1, 1, NULL, NULL);
INSERT INTO vuelo(codigo, origen, destino, cod_avion, precio_primera, precio_economy, lunes, martes, miercoles, jueves, viernes, sabado, domingo) VALUES (132, 'SABE', 'SAVH', 2, 2453.85, 1995, NULL, 1, NULL, NULL, NULL, 1, 1);
INSERT INTO vuelo(codigo, origen, destino, cod_avion, precio_primera, precio_economy, lunes, martes, miercoles, jueves, viernes, sabado, domingo) VALUES (133, 'SABE', 'SATK', 1, 2630.97, 2139, NULL, 1, NULL, 1, 1, 1, 1);
INSERT INTO vuelo(codigo, origen, destino, cod_avion, precio_primera, precio_economy, lunes, martes, miercoles, jueves, viernes, sabado, domingo) VALUES (134, 'SABE', 'SAMM', 3, 2750.28, 2236, NULL, NULL, NULL, NULL, 1, 1, NULL);
INSERT INTO vuelo(codigo, origen, destino, cod_avion, precio_primera, precio_economy, lunes, martes, miercoles, jueves, viernes, sabado, domingo) VALUES (135, 'SABE', 'SAZM', 4, 1568.25, 1275, NULL, 1, NULL, 1, 1, NULL, NULL);
INSERT INTO vuelo(codigo, origen, destino, cod_avion, precio_primera, precio_economy, lunes, martes, miercoles, jueves, viernes, sabado, domingo) VALUES (136, 'SABE', 'SAME', 3, 1863.45, 1515, NULL, 1, 1, NULL, NULL, 1, NULL);
INSERT INTO vuelo(codigo, origen, destino, cod_avion, precio_primera, precio_economy, lunes, martes, miercoles, jueves, viernes, sabado, domingo) VALUES (137, 'SABE', 'SAOS', 4, 3059.01, 2487, NULL, 1, NULL, NULL, NULL, 1, NULL);
INSERT INTO vuelo(codigo, origen, destino, cod_avion, precio_primera, precio_economy, lunes, martes, miercoles, jueves, viernes, sabado, domingo) VALUES (138, 'SABE', 'SAEM', 4, 2660.49, 2163, 1, NULL, 1, 1, 1, 1, 1);
INSERT INTO vuelo(codigo, origen, destino, cod_avion, precio_primera, precio_economy, lunes, martes, miercoles, jueves, viernes, sabado, domingo) VALUES (139, 'SABE', 'SARM', 1, 2969.22, 2414, 1, NULL, 1, 1, NULL, 1, 1);
INSERT INTO vuelo(codigo, origen, destino, cod_avion, precio_primera, precio_economy, lunes, martes, miercoles, jueves, viernes, sabado, domingo) VALUES (140, 'SABE', 'SADM', 4, 2950.77, 2399, 1, 1, NULL, NULL, NULL, 1, 1);
INSERT INTO vuelo(codigo, origen, destino, cod_avion, precio_primera, precio_economy, lunes, martes, miercoles, jueves, viernes, sabado, domingo) VALUES (141, 'SABE', 'SAZO', 2, 2343.15, 1905, NULL, 1, 1, 1, NULL, 1, 1);
INSERT INTO vuelo(codigo, origen, destino, cod_avion, precio_primera, precio_economy, lunes, martes, miercoles, jueves, viernes, sabado, domingo) VALUES (142, 'SABE', 'SAZN', 1, 3022.11, 2457, 1, 1, 1, NULL, 1, NULL, NULL);
INSERT INTO vuelo(codigo, origen, destino, cod_avion, precio_primera, precio_economy, lunes, martes, miercoles, jueves, viernes, sabado, domingo) VALUES (143, 'SABE', 'SAZF', 2, 1680.18, 1366, 1, NULL, NULL, NULL, 1, NULL, 1);
INSERT INTO vuelo(codigo, origen, destino, cod_avion, precio_primera, precio_economy, lunes, martes, miercoles, jueves, viernes, sabado, domingo) VALUES (144, 'SABE', 'SAAP', 3, 3043.02, 2474, NULL, NULL, 1, NULL, NULL, NULL, 1);
INSERT INTO vuelo(codigo, origen, destino, cod_avion, precio_primera, precio_economy, lunes, martes, miercoles, jueves, viernes, sabado, domingo) VALUES (145, 'SABE', 'SARL', 2, 1477.23, 1201, NULL, NULL, 1, NULL, 1, NULL, 1);
INSERT INTO vuelo(codigo, origen, destino, cod_avion, precio_primera, precio_economy, lunes, martes, miercoles, jueves, viernes, sabado, domingo) VALUES (146, 'SABE', 'SAZP', 3, 2702.31, 2197, NULL, NULL, 1, 1, 1, 1, 1);
INSERT INTO vuelo(codigo, origen, destino, cod_avion, precio_primera, precio_economy, lunes, martes, miercoles, jueves, viernes, sabado, domingo) VALUES (147, 'SABE', 'SASJ', 1, 1510.44, 1228, NULL, 1, NULL, 1, 1, NULL, NULL);
INSERT INTO vuelo(codigo, origen, destino, cod_avion, precio_primera, precio_economy, lunes, martes, miercoles, jueves, viernes, sabado, domingo) VALUES (148, 'SABE', 'SAWP', 3, 2209.08, 1796, 1, 1, 1, NULL, NULL, NULL, NULL);
INSERT INTO vuelo(codigo, origen, destino, cod_avion, precio_primera, precio_economy, lunes, martes, miercoles, jueves, viernes, sabado, domingo) VALUES (149, 'SABE', 'SARP', 1, 3036.87, 2469, 1, NULL, 1, 1, NULL, NULL, NULL);
INSERT INTO vuelo(codigo, origen, destino, cod_avion, precio_primera, precio_economy, lunes, martes, miercoles, jueves, viernes, sabado, domingo) VALUES (150, 'SABE', 'SAWD', 1, 2003.67, 1629, 1, 1, 1, NULL, 1, 1, 1);
INSERT INTO vuelo(codigo, origen, destino, cod_avion, precio_primera, precio_economy, lunes, martes, miercoles, jueves, viernes, sabado, domingo) VALUES (151, 'SABE', 'SARI', 2, 2282.88, 1856, NULL, NULL, NULL, 1, NULL, NULL, NULL);
INSERT INTO vuelo(codigo, origen, destino, cod_avion, precio_primera, precio_economy, lunes, martes, miercoles, jueves, viernes, sabado, domingo) VALUES (152, 'SABE', 'SAVY', 1, 1170.96, 952, 1, NULL, NULL, 1, NULL, NULL, NULL);
INSERT INTO vuelo(codigo, origen, destino, cod_avion, precio_primera, precio_economy, lunes, martes, miercoles, jueves, viernes, sabado, domingo) VALUES (153, 'SABE', 'SAWJ', 4, 1025.82, 834, NULL, 1, 1, NULL, NULL, NULL, NULL);
INSERT INTO vuelo(codigo, origen, destino, cod_avion, precio_primera, precio_economy, lunes, martes, miercoles, jueves, viernes, sabado, domingo) VALUES (154, 'SABE', 'SAWU', 3, 2917.56, 2372, NULL, 1, NULL, NULL, NULL, NULL, 1);
INSERT INTO vuelo(codigo, origen, destino, cod_avion, precio_primera, precio_economy, lunes, martes, miercoles, jueves, viernes, sabado, domingo) VALUES (155, 'SABE', 'SARS', 1, 1536.27, 1249, 1, NULL, 1, 1, NULL, NULL, NULL);
INSERT INTO vuelo(codigo, origen, destino, cod_avion, precio_primera, precio_economy, lunes, martes, miercoles, jueves, viernes, sabado, domingo) VALUES (156, 'SABE', 'SATR', 2, 2399.73, 1951, 1, 1, 1, 1, NULL, NULL, NULL);
INSERT INTO vuelo(codigo, origen, destino, cod_avion, precio_primera, precio_economy, lunes, martes, miercoles, jueves, viernes, sabado, domingo) VALUES (157, 'SABE', 'SARE', 3, 2173.41, 1767, 1, NULL, NULL, NULL, 1, 1, 1);
INSERT INTO vuelo(codigo, origen, destino, cod_avion, precio_primera, precio_economy, lunes, martes, miercoles, jueves, viernes, sabado, domingo) VALUES (158, 'SABE', 'SAOC', 2, 1129.14, 918, 1, 1, 1, NULL, 1, 1, 1);
INSERT INTO vuelo(codigo, origen, destino, cod_avion, precio_primera, precio_economy, lunes, martes, miercoles, jueves, viernes, sabado, domingo) VALUES (159, 'SABE', 'SAWG', 4, 2477.22, 2014, NULL, 1, 1, NULL, 1, 1, 1);
INSERT INTO vuelo(codigo, origen, destino, cod_avion, precio_primera, precio_economy, lunes, martes, miercoles, jueves, viernes, sabado, domingo) VALUES (160, 'SABE', 'SAWE', 3, 1767.51, 1437, 1, NULL, 1, 1, NULL, 1, NULL);
INSERT INTO vuelo(codigo, origen, destino, cod_avion, precio_primera, precio_economy, lunes, martes, miercoles, jueves, viernes, sabado, domingo) VALUES (161, 'SABE', 'SAWT', 4, 1783.5, 1450, 1, 1, NULL, NULL, NULL, 1, 1);
INSERT INTO vuelo(codigo, origen, destino, cod_avion, precio_primera, precio_economy, lunes, martes, miercoles, jueves, viernes, sabado, domingo) VALUES (162, 'SABE', 'SAAR', 2, 1147.59, 933, NULL, NULL, 1, NULL, 1, 1, NULL);
INSERT INTO vuelo(codigo, origen, destino, cod_avion, precio_primera, precio_economy, lunes, martes, miercoles, jueves, viernes, sabado, domingo) VALUES (163, 'SABE', 'SARS', 1, 1402.2, 1140, 1, 1, 1, 1, NULL, NULL, NULL);
INSERT INTO vuelo(codigo, origen, destino, cod_avion, precio_primera, precio_economy, lunes, martes, miercoles, jueves, viernes, sabado, domingo) VALUES (164, 'SABE', 'SADF', 4, 2784.72, 2264, 1, NULL, 1, NULL, 1, NULL, 1);
INSERT INTO vuelo(codigo, origen, destino, cod_avion, precio_primera, precio_economy, lunes, martes, miercoles, jueves, viernes, sabado, domingo) VALUES (165, 'SABE', 'SANC', 1, 2956.92, 2404, NULL, 1, 1, 1, NULL, NULL, 1);
INSERT INTO vuelo(codigo, origen, destino, cod_avion, precio_primera, precio_economy, lunes, martes, miercoles, jueves, viernes, sabado, domingo) VALUES (166, 'SABE', 'SANU', 1, 1434.18, 1166, NULL, NULL, 1, 1, NULL, NULL, 1);
INSERT INTO vuelo(codigo, origen, destino, cod_avion, precio_primera, precio_economy, lunes, martes, miercoles, jueves, viernes, sabado, domingo) VALUES (167, 'SABE', 'SAOU', 2, 1868.37, 1519, 1, 1, NULL, 1, 1, 1, NULL);
INSERT INTO vuelo(codigo, origen, destino, cod_avion, precio_primera, precio_economy, lunes, martes, miercoles, jueves, viernes, sabado, domingo) VALUES (168, 'SABE', 'SAMR', 3, 2194.32, 1784, 1, 1, NULL, NULL, NULL, 1, NULL);
INSERT INTO vuelo(codigo, origen, destino, cod_avion, precio_primera, precio_economy, lunes, martes, miercoles, jueves, viernes, sabado, domingo) VALUES (169, 'SABE', 'SASO', 1, 3007.35, 2445, NULL, 1, NULL, 1, NULL, 1, 1);
INSERT INTO vuelo(codigo, origen, destino, cod_avion, precio_primera, precio_economy, lunes, martes, miercoles, jueves, viernes, sabado, domingo) VALUES (170, 'SABE', 'SADS', 4, 2132.82, 1734, 1, NULL, 1, 1, NULL, NULL, NULL);
INSERT INTO vuelo(codigo, origen, destino, cod_avion, precio_primera, precio_economy, lunes, martes, miercoles, jueves, viernes, sabado, domingo) VALUES (171, 'SABE', 'SANT', 3, 2404.65, 1955, 1, 1, 1, NULL, 1, 1, NULL);
INSERT INTO vuelo(codigo, origen, destino, cod_avion, precio_primera, precio_economy, lunes, martes, miercoles, jueves, viernes, sabado, domingo) VALUES (172, 'SABE', 'SAZR', 2, 2654.34, 2158, 1, NULL, 1, NULL, NULL, 1, NULL);
INSERT INTO vuelo(codigo, origen, destino, cod_avion, precio_primera, precio_economy, lunes, martes, miercoles, jueves, viernes, sabado, domingo) VALUES (173, 'SABE', 'SAZL', 2, 2750.28, 2236, NULL, 1, NULL, NULL, NULL, NULL, NULL);
INSERT INTO vuelo(codigo, origen, destino, cod_avion, precio_primera, precio_economy, lunes, martes, miercoles, jueves, viernes, sabado, domingo) VALUES (174, 'SABE', 'SANE', 3, 2418.18, 1966, 1, 1, 1, NULL, 1, 1, NULL);
INSERT INTO vuelo(codigo, origen, destino, cod_avion, precio_primera, precio_economy, lunes, martes, miercoles, jueves, viernes, sabado, domingo) VALUES (175, 'SABE', 'SAZY', 3, 2608.83, 2121, 1, 1, NULL, NULL, 1, NULL, NULL);
INSERT INTO vuelo(codigo, origen, destino, cod_avion, precio_primera, precio_economy, lunes, martes, miercoles, jueves, viernes, sabado, domingo) VALUES (176, 'SABE', 'SAAV', 3, 1975.38, 1606, NULL, 1, NULL, 1, NULL, 1, 1);
INSERT INTO vuelo(codigo, origen, destino, cod_avion, precio_primera, precio_economy, lunes, martes, miercoles, jueves, viernes, sabado, domingo) VALUES (177, 'SABE', 'SAFS', 3, 2103.3, 1710, NULL, 1, NULL, NULL, NULL, NULL, 1);
INSERT INTO vuelo(codigo, origen, destino, cod_avion, precio_primera, precio_economy, lunes, martes, miercoles, jueves, viernes, sabado, domingo) VALUES (178, 'SABE', 'SAZT', 2, 1580.55, 1285, 1, 1, NULL, NULL, 1, NULL, NULL);
INSERT INTO vuelo(codigo, origen, destino, cod_avion, precio_primera, precio_economy, lunes, martes, miercoles, jueves, viernes, sabado, domingo) VALUES (179, 'SABE', 'SAST', 2, 1565.79, 1273, 1, NULL, NULL, 1, 1, 1, NULL);
INSERT INTO vuelo(codigo, origen, destino, cod_avion, precio_primera, precio_economy, lunes, martes, miercoles, jueves, viernes, sabado, domingo) VALUES (180, 'SABE', 'SANR', 2, 2838.84, 2308, NULL, 1, NULL, 1, NULL, 1, NULL);
INSERT INTO vuelo(codigo, origen, destino, cod_avion, precio_primera, precio_economy, lunes, martes, miercoles, jueves, viernes, sabado, domingo) VALUES (181, 'SABE', 'SAVT', 1, 2378.82, 1934, NULL, 1, 1, NULL, NULL, NULL, 1);
INSERT INTO vuelo(codigo, origen, destino, cod_avion, precio_primera, precio_economy, lunes, martes, miercoles, jueves, viernes, sabado, domingo) VALUES (182, 'SABE', 'SAZH', 2, 1934.79, 1573, NULL, NULL, NULL, NULL, 1, 1, NULL);
INSERT INTO vuelo(codigo, origen, destino, cod_avion, precio_primera, precio_economy, lunes, martes, miercoles, jueves, viernes, sabado, domingo) VALUES (183, 'SABE', 'SAWH', 4, 1017.21, 827, 1, NULL, 1, 1, 1, 1, 1);
INSERT INTO vuelo(codigo, origen, destino, cod_avion, precio_primera, precio_economy, lunes, martes, miercoles, jueves, viernes, sabado, domingo) VALUES (184, 'SABE', 'SAVV', 3, 1293.96, 1052, 1, NULL, 1, 1, NULL, 1, 1);
INSERT INTO vuelo(codigo, origen, destino, cod_avion, precio_primera, precio_economy, lunes, martes, miercoles, jueves, viernes, sabado, domingo) VALUES (185, 'SABE', 'SAOD', 3, 1266.9, 1030, NULL, NULL, 1, 1, 1, 1, NULL);
INSERT INTO vuelo(codigo, origen, destino, cod_avion, precio_primera, precio_economy, lunes, martes, miercoles, jueves, viernes, sabado, domingo) VALUES (186, 'SABE', 'SAZV', 2, 1694.94, 1378, NULL, NULL, 1, 1, 1, NULL, NULL);
INSERT INTO vuelo(codigo, origen, destino, cod_avion, precio_primera, precio_economy, lunes, martes, miercoles, jueves, viernes, sabado, domingo) VALUES (187, 'SABE', 'SAOR', 4, 1581.78, 1286, 1, NULL, NULL, NULL, 1, NULL, 1);
INSERT INTO vuelo(codigo, origen, destino, cod_avion, precio_primera, precio_economy, lunes, martes, miercoles, jueves, viernes, sabado, domingo) VALUES (188, 'SABE', 'SAAU', 2, 2778.57, 2259, NULL, 1, 1, 1, 1, NULL, 1);
INSERT INTO vuelo(codigo, origen, destino, cod_avion, precio_primera, precio_economy, lunes, martes, miercoles, jueves, viernes, sabado, domingo) VALUES (189, 'SABE', 'SAHZ', 1, 1761.36, 1432, NULL, 1, NULL, NULL, NULL, 1, 1);
INSERT INTO vuelo(codigo, origen, destino, cod_avion, precio_primera, precio_economy, lunes, martes, miercoles, jueves, viernes, sabado, domingo) VALUES (190, 'SACO', 'SAEZ', 2, 1956.93, 1591, 1, 1, NULL, NULL, 1, NULL, NULL);
INSERT INTO vuelo(codigo, origen, destino, cod_avion, precio_primera, precio_economy, lunes, martes, miercoles, jueves, viernes, sabado, domingo) VALUES (191, 'SACO', 'SARF', 3, 1087.32, 884, NULL, 1, 1, 1, NULL, NULL, NULL);
INSERT INTO vuelo(codigo, origen, destino, cod_avion, precio_primera, precio_economy, lunes, martes, miercoles, jueves, viernes, sabado, domingo) VALUES (192, 'SACO', 'SAMA', 1, 2474.76, 2012, 1, NULL, 1, NULL, 1, 1, NULL);
INSERT INTO vuelo(codigo, origen, destino, cod_avion, precio_primera, precio_economy, lunes, martes, miercoles, jueves, viernes, sabado, domingo) VALUES (193, 'SACO', 'SAZG', 2, 2991.36, 2432, NULL, 1, 1, NULL, NULL, 1, 1);
INSERT INTO vuelo(codigo, origen, destino, cod_avion, precio_primera, precio_economy, lunes, martes, miercoles, jueves, viernes, sabado, domingo) VALUES (194, 'SACO', 'SAHR', 2, 1004.91, 817, NULL, 1, NULL, NULL, 1, 1, 1);
INSERT INTO vuelo(codigo, origen, destino, cod_avion, precio_primera, precio_economy, lunes, martes, miercoles, jueves, viernes, sabado, domingo) VALUES (195, 'SACO', 'SAVJ', 4, 2656.8, 2160, NULL, NULL, 1, 1, 1, NULL, NULL);
INSERT INTO vuelo(codigo, origen, destino, cod_avion, precio_primera, precio_economy, lunes, martes, miercoles, jueves, viernes, sabado, domingo) VALUES (196, 'SACO', 'SAAK', 4, 1211.55, 985, NULL, 1, 1, 1, NULL, NULL, 1);
INSERT INTO vuelo(codigo, origen, destino, cod_avion, precio_primera, precio_economy, lunes, martes, miercoles, jueves, viernes, sabado, domingo) VALUES (197, 'SACO', 'SADJ', 3, 1448.94, 1178, NULL, 1, 1, 1, 1, NULL, NULL);
INSERT INTO vuelo(codigo, origen, destino, cod_avion, precio_primera, precio_economy, lunes, martes, miercoles, jueves, viernes, sabado, domingo) VALUES (198, 'SACO', 'SAAJ', 1, 2555.94, 2078, 1, 1, 1, 1, NULL, 1, 1);
INSERT INTO vuelo(codigo, origen, destino, cod_avion, precio_primera, precio_economy, lunes, martes, miercoles, jueves, viernes, sabado, domingo) VALUES (199, 'SACO', 'SAOL', 2, 1418.19, 1153, NULL, 1, NULL, 1, 1, 1, NULL);
INSERT INTO vuelo(codigo, origen, destino, cod_avion, precio_primera, precio_economy, lunes, martes, miercoles, jueves, viernes, sabado, domingo) VALUES (200, 'SACO', 'SACC', 3, 1949.55, 1585, NULL, NULL, NULL, NULL, NULL, NULL, NULL);
INSERT INTO vuelo(codigo, origen, destino, cod_avion, precio_primera, precio_economy, lunes, martes, miercoles, jueves, viernes, sabado, domingo) VALUES (201, 'SACO', 'SADL', 2, 2617.44, 2128, 1, NULL, NULL, NULL, 1, 1, 1);
INSERT INTO vuelo(codigo, origen, destino, cod_avion, precio_primera, precio_economy, lunes, martes, miercoles, jueves, viernes, sabado, domingo) VALUES (202, 'SACO', 'SANL', 4, 2126.67, 1729, 1, 1, NULL, 1, 1, NULL, 1);
INSERT INTO vuelo(codigo, origen, destino, cod_avion, precio_primera, precio_economy, lunes, martes, miercoles, jueves, viernes, sabado, domingo) VALUES (203, 'SACO', 'SAVH', 2, 1478.46, 1202, NULL, NULL, 1, 1, 1, NULL, 1);
INSERT INTO vuelo(codigo, origen, destino, cod_avion, precio_primera, precio_economy, lunes, martes, miercoles, jueves, viernes, sabado, domingo) VALUES (204, 'SACO', 'SATK', 4, 2950.77, 2399, 1, NULL, 1, 1, NULL, 1, NULL);
INSERT INTO vuelo(codigo, origen, destino, cod_avion, precio_primera, precio_economy, lunes, martes, miercoles, jueves, viernes, sabado, domingo) VALUES (205, 'SACO', 'SAMM', 1, 2800.71, 2277, NULL, NULL, NULL, 1, 1, NULL, 1);
INSERT INTO vuelo(codigo, origen, destino, cod_avion, precio_primera, precio_economy, lunes, martes, miercoles, jueves, viernes, sabado, domingo) VALUES (206, 'SACO', 'SAZM', 3, 1646.97, 1339, NULL, 1, NULL, 1, 1, 1, 1);
INSERT INTO vuelo(codigo, origen, destino, cod_avion, precio_primera, precio_economy, lunes, martes, miercoles, jueves, viernes, sabado, domingo) VALUES (207, 'SACO', 'SAME', 2, 2907.72, 2364, 1, NULL, 1, 1, NULL, 1, 1);
INSERT INTO vuelo(codigo, origen, destino, cod_avion, precio_primera, precio_economy, lunes, martes, miercoles, jueves, viernes, sabado, domingo) VALUES (208, 'SACO', 'SAOS', 1, 1605.15, 1305, NULL, 1, NULL, 1, 1, NULL, 1);
INSERT INTO vuelo(codigo, origen, destino, cod_avion, precio_primera, precio_economy, lunes, martes, miercoles, jueves, viernes, sabado, domingo) VALUES (209, 'SACO', 'SAEM', 2, 2883.12, 2344, 1, NULL, 1, 1, 1, 1, 1);
INSERT INTO vuelo(codigo, origen, destino, cod_avion, precio_primera, precio_economy, lunes, martes, miercoles, jueves, viernes, sabado, domingo) VALUES (210, 'SACO', 'SARM', 3, 1004.91, 817, 1, NULL, NULL, 1, 1, 1, NULL);
INSERT INTO vuelo(codigo, origen, destino, cod_avion, precio_primera, precio_economy, lunes, martes, miercoles, jueves, viernes, sabado, domingo) VALUES (211, 'SACO', 'SADM', 1, 2125.44, 1728, NULL, 1, NULL, 1, 1, NULL, 1);
INSERT INTO vuelo(codigo, origen, destino, cod_avion, precio_primera, precio_economy, lunes, martes, miercoles, jueves, viernes, sabado, domingo) VALUES (212, 'SACO', 'SAZO', 4, 2238.6, 1820, NULL, 1, NULL, 1, 1, NULL, NULL);
INSERT INTO vuelo(codigo, origen, destino, cod_avion, precio_primera, precio_economy, lunes, martes, miercoles, jueves, viernes, sabado, domingo) VALUES (213, 'SACO', 'SAZN', 1, 2674.02, 2174, 1, NULL, NULL, NULL, 1, NULL, 1);
INSERT INTO vuelo(codigo, origen, destino, cod_avion, precio_primera, precio_economy, lunes, martes, miercoles, jueves, viernes, sabado, domingo) VALUES (214, 'SACO', 'SAZF', 4, 1031.97, 839, NULL, NULL, NULL, NULL, NULL, 1, 1);
INSERT INTO vuelo(codigo, origen, destino, cod_avion, precio_primera, precio_economy, lunes, martes, miercoles, jueves, viernes, sabado, domingo) VALUES (215, 'SACO', 'SAAP', 3, 1140.21, 927, NULL, NULL, NULL, NULL, 1, NULL, 1);
INSERT INTO vuelo(codigo, origen, destino, cod_avion, precio_primera, precio_economy, lunes, martes, miercoles, jueves, viernes, sabado, domingo) VALUES (216, 'SACO', 'SARL', 2, 1049.19, 853, 1, 1, NULL, NULL, 1, 1, NULL);
INSERT INTO vuelo(codigo, origen, destino, cod_avion, precio_primera, precio_economy, lunes, martes, miercoles, jueves, viernes, sabado, domingo) VALUES (217, 'SACO', 'SAZP', 1, 2692.47, 2189, NULL, NULL, 1, NULL, NULL, 1, 1);
INSERT INTO vuelo(codigo, origen, destino, cod_avion, precio_primera, precio_economy, lunes, martes, miercoles, jueves, viernes, sabado, domingo) VALUES (218, 'SACO', 'SASJ', 4, 1389.9, 1130, 1, 1, 1, NULL, 1, 1, NULL);
INSERT INTO vuelo(codigo, origen, destino, cod_avion, precio_primera, precio_economy, lunes, martes, miercoles, jueves, viernes, sabado, domingo) VALUES (219, 'SACO', 'SAWP', 1, 1277.97, 1039, NULL, 1, NULL, 1, NULL, NULL, 1);
INSERT INTO vuelo(codigo, origen, destino, cod_avion, precio_primera, precio_economy, lunes, martes, miercoles, jueves, viernes, sabado, domingo) VALUES (220, 'SACO', 'SARP', 3, 2506.74, 2038, NULL, 1, 1, 1, NULL, NULL, 1);
INSERT INTO vuelo(codigo, origen, destino, cod_avion, precio_primera, precio_economy, lunes, martes, miercoles, jueves, viernes, sabado, domingo) VALUES (221, 'SACO', 'SAWD', 1, 2655.57, 2159, 1, 1, NULL, NULL, 1, 1, NULL);
INSERT INTO vuelo(codigo, origen, destino, cod_avion, precio_primera, precio_economy, lunes, martes, miercoles, jueves, viernes, sabado, domingo) VALUES (222, 'SACO', 'SARI', 4, 2771.19, 2253, NULL, 1, NULL, NULL, 1, 1, NULL);
INSERT INTO vuelo(codigo, origen, destino, cod_avion, precio_primera, precio_economy, lunes, martes, miercoles, jueves, viernes, sabado, domingo) VALUES (223, 'SACO', 'SAVY', 4, 2920.02, 2374, 1, 1, 1, 1, 1, NULL, 1);
INSERT INTO vuelo(codigo, origen, destino, cod_avion, precio_primera, precio_economy, lunes, martes, miercoles, jueves, viernes, sabado, domingo) VALUES (224, 'SACO', 'SAWJ', 3, 3046.71, 2477, 1, NULL, 1, 1, NULL, 1, 1);
INSERT INTO vuelo(codigo, origen, destino, cod_avion, precio_primera, precio_economy, lunes, martes, miercoles, jueves, viernes, sabado, domingo) VALUES (225, 'SACO', 'SAWU', 2, 1254.6, 1020, 1, 1, 1, 1, NULL, 1, 1);
INSERT INTO vuelo(codigo, origen, destino, cod_avion, precio_primera, precio_economy, lunes, martes, miercoles, jueves, viernes, sabado, domingo) VALUES (226, 'SACO', 'SARS', 1, 1285.35, 1045, NULL, 1, NULL, 1, NULL, NULL, NULL);
INSERT INTO vuelo(codigo, origen, destino, cod_avion, precio_primera, precio_economy, lunes, martes, miercoles, jueves, viernes, sabado, domingo) VALUES (227, 'SACO', 'SATR', 3, 1825.32, 1484, 1, 1, NULL, NULL, NULL, NULL, NULL);
INSERT INTO vuelo(codigo, origen, destino, cod_avion, precio_primera, precio_economy, lunes, martes, miercoles, jueves, viernes, sabado, domingo) VALUES (228, 'SACO', 'SARE', 3, 2270.58, 1846, 1, NULL, NULL, 1, NULL, NULL, NULL);
INSERT INTO vuelo(codigo, origen, destino, cod_avion, precio_primera, precio_economy, lunes, martes, miercoles, jueves, viernes, sabado, domingo) VALUES (229, 'SACO', 'SAOC', 2, 2526.42, 2054, NULL, 1, NULL, 1, NULL, 1, 1);
INSERT INTO vuelo(codigo, origen, destino, cod_avion, precio_primera, precio_economy, lunes, martes, miercoles, jueves, viernes, sabado, domingo) VALUES (230, 'SACO', 'SAWG', 3, 2942.16, 2392, 1, 1, 1, NULL, NULL, 1, 1);
INSERT INTO vuelo(codigo, origen, destino, cod_avion, precio_primera, precio_economy, lunes, martes, miercoles, jueves, viernes, sabado, domingo) VALUES (231, 'SACO', 'SAWE', 4, 2075.01, 1687, NULL, 1, NULL, NULL, 1, 1, NULL);
INSERT INTO vuelo(codigo, origen, destino, cod_avion, precio_primera, precio_economy, lunes, martes, miercoles, jueves, viernes, sabado, domingo) VALUES (232, 'SACO', 'SAWT', 2, 1179.57, 959, 1, 1, NULL, NULL, 1, 1, 1);
INSERT INTO vuelo(codigo, origen, destino, cod_avion, precio_primera, precio_economy, lunes, martes, miercoles, jueves, viernes, sabado, domingo) VALUES (233, 'SACO', 'SAAR', 4, 1410.81, 1147, NULL, 1, 1, NULL, NULL, 1, NULL);
INSERT INTO vuelo(codigo, origen, destino, cod_avion, precio_primera, precio_economy, lunes, martes, miercoles, jueves, viernes, sabado, domingo) VALUES (234, 'SACO', 'SARS', 3, 2831.46, 2302, NULL, 1, 1, 1, NULL, NULL, 1);
INSERT INTO vuelo(codigo, origen, destino, cod_avion, precio_primera, precio_economy, lunes, martes, miercoles, jueves, viernes, sabado, domingo) VALUES (235, 'SACO', 'SADF', 3, 2950.77, 2399, NULL, 1, NULL, 1, NULL, 1, 1);
INSERT INTO vuelo(codigo, origen, destino, cod_avion, precio_primera, precio_economy, lunes, martes, miercoles, jueves, viernes, sabado, domingo) VALUES (236, 'SACO', 'SANC', 2, 1933.56, 1572, 1, NULL, NULL, 1, NULL, NULL, 1);
INSERT INTO vuelo(codigo, origen, destino, cod_avion, precio_primera, precio_economy, lunes, martes, miercoles, jueves, viernes, sabado, domingo) VALUES (237, 'SACO', 'SANU', 1, 1674.03, 1361, NULL, 1, 1, NULL, NULL, 1, 1);
INSERT INTO vuelo(codigo, origen, destino, cod_avion, precio_primera, precio_economy, lunes, martes, miercoles, jueves, viernes, sabado, domingo) VALUES (238, 'SACO', 'SAOU', 2, 2437.86, 1982, 1, NULL, 1, NULL, NULL, 1, NULL);
INSERT INTO vuelo(codigo, origen, destino, cod_avion, precio_primera, precio_economy, lunes, martes, miercoles, jueves, viernes, sabado, domingo) VALUES (239, 'SACO', 'SAMR', 3, 2945.85, 2395, 1, 1, 1, 1, 1, NULL, 1);
INSERT INTO vuelo(codigo, origen, destino, cod_avion, precio_primera, precio_economy, lunes, martes, miercoles, jueves, viernes, sabado, domingo) VALUES (240, 'SACO', 'SASO', 3, 2931.09, 2383, NULL, 1, 1, 1, 1, NULL, 1);
INSERT INTO vuelo(codigo, origen, destino, cod_avion, precio_primera, precio_economy, lunes, martes, miercoles, jueves, viernes, sabado, domingo) VALUES (241, 'SACO', 'SADS', 2, 1599, 1300, 1, 1, NULL, NULL, 1, NULL, 1);
INSERT INTO vuelo(codigo, origen, destino, cod_avion, precio_primera, precio_economy, lunes, martes, miercoles, jueves, viernes, sabado, domingo) VALUES (242, 'SACO', 'SANT', 2, 2990.13, 2431, 1, NULL, 1, NULL, 1, NULL, 1);
INSERT INTO vuelo(codigo, origen, destino, cod_avion, precio_primera, precio_economy, lunes, martes, miercoles, jueves, viernes, sabado, domingo) VALUES (243, 'SACO', 'SAZR', 4, 2033.19, 1653, 1, NULL, NULL, 1, 1, NULL, 1);
INSERT INTO vuelo(codigo, origen, destino, cod_avion, precio_primera, precio_economy, lunes, martes, miercoles, jueves, viernes, sabado, domingo) VALUES (244, 'SACO', 'SAZL', 1, 2392.35, 1945, 1, 1, 1, NULL, 1, 1, NULL);
INSERT INTO vuelo(codigo, origen, destino, cod_avion, precio_primera, precio_economy, lunes, martes, miercoles, jueves, viernes, sabado, domingo) VALUES (245, 'SACO', 'SANE', 1, 2034.42, 1654, 1, 1, 1, NULL, NULL, 1, 1);
INSERT INTO vuelo(codigo, origen, destino, cod_avion, precio_primera, precio_economy, lunes, martes, miercoles, jueves, viernes, sabado, domingo) VALUES (246, 'SACO', 'SAZY', 2, 2186.94, 1778, NULL, 1, 1, NULL, NULL, 1, NULL);
INSERT INTO vuelo(codigo, origen, destino, cod_avion, precio_primera, precio_economy, lunes, martes, miercoles, jueves, viernes, sabado, domingo) VALUES (247, 'SACO', 'SAAV', 1, 2762.58, 2246, 1, 1, NULL, 1, 1, NULL, NULL);
INSERT INTO vuelo(codigo, origen, destino, cod_avion, precio_primera, precio_economy, lunes, martes, miercoles, jueves, viernes, sabado, domingo) VALUES (248, 'SACO', 'SAFS', 1, 2441.55, 1985, 1, NULL, NULL, NULL, NULL, NULL, NULL);
INSERT INTO vuelo(codigo, origen, destino, cod_avion, precio_primera, precio_economy, lunes, martes, miercoles, jueves, viernes, sabado, domingo) VALUES (249, 'SACO', 'SAZT', 4, 3029.49, 2463, NULL, NULL, 1, NULL, 1, NULL, NULL);
INSERT INTO vuelo(codigo, origen, destino, cod_avion, precio_primera, precio_economy, lunes, martes, miercoles, jueves, viernes, sabado, domingo) VALUES (250, 'SACO', 'SAST', 2, 1849.92, 1504, 1, 1, 1, 1, 1, 1, NULL);
INSERT INTO vuelo(codigo, origen, destino, cod_avion, precio_primera, precio_economy, lunes, martes, miercoles, jueves, viernes, sabado, domingo) VALUES (251, 'SACO', 'SANR', 4, 1719.54, 1398, 1, 1, NULL, NULL, NULL, NULL, NULL);
INSERT INTO vuelo(codigo, origen, destino, cod_avion, precio_primera, precio_economy, lunes, martes, miercoles, jueves, viernes, sabado, domingo) VALUES (252, 'SACO', 'SAVT', 4, 999.99, 813, 1, 1, NULL, NULL, NULL, 1, NULL);
INSERT INTO vuelo(codigo, origen, destino, cod_avion, precio_primera, precio_economy, lunes, martes, miercoles, jueves, viernes, sabado, domingo) VALUES (253, 'SACO', 'SAZH', 4, 2814.24, 2288, NULL, NULL, 1, NULL, 1, NULL, 1);
INSERT INTO vuelo(codigo, origen, destino, cod_avion, precio_primera, precio_economy, lunes, martes, miercoles, jueves, viernes, sabado, domingo) VALUES (254, 'SACO', 'SAWH', 2, 2356.68, 1916, NULL, 1, NULL, 1, 1, NULL, 1);
INSERT INTO vuelo(codigo, origen, destino, cod_avion, precio_primera, precio_economy, lunes, martes, miercoles, jueves, viernes, sabado, domingo) VALUES (255, 'SACO', 'SAVV', 1, 1624.83, 1321, NULL, NULL, 1, NULL, NULL, 1, NULL);
INSERT INTO vuelo(codigo, origen, destino, cod_avion, precio_primera, precio_economy, lunes, martes, miercoles, jueves, viernes, sabado, domingo) VALUES (256, 'SACO', 'SAOD', 2, 1157.43, 941, 1, 1, NULL, NULL, 1, 1, NULL);
INSERT INTO vuelo(codigo, origen, destino, cod_avion, precio_primera, precio_economy, lunes, martes, miercoles, jueves, viernes, sabado, domingo) VALUES (257, 'SACO', 'SAZV', 2, 2520.27, 2049, 1, 1, 1, NULL, 1, NULL, NULL);
INSERT INTO vuelo(codigo, origen, destino, cod_avion, precio_primera, precio_economy, lunes, martes, miercoles, jueves, viernes, sabado, domingo) VALUES (258, 'SACO', 'SAOR', 3, 2844.99, 2313, NULL, 1, 1, NULL, NULL, NULL, 1);
INSERT INTO vuelo(codigo, origen, destino, cod_avion, precio_primera, precio_economy, lunes, martes, miercoles, jueves, viernes, sabado, domingo) VALUES (259, 'SACO', 'SAAU', 2, 2952, 2400, NULL, 1, 1, 1, NULL, 1, 1);
INSERT INTO vuelo(codigo, origen, destino, cod_avion, precio_primera, precio_economy, lunes, martes, miercoles, jueves, viernes, sabado, domingo) VALUES (260, 'SACO', 'SAHZ', 2, 1656.81, 1347, NULL, NULL, NULL, 1, 1, 1, NULL);
